first_name,last_name,formatted_dob,above_18,member_id
Patty,Smith,19750827,Yes,Smithc76776
Sean,Wang,19600311,Yes,Wang041686
Richard,Estrada,19921015,Yes,Estrada0bf5b6
Jackson,Cline,19710121,Yes,Cline825fbf
Allen,Williams,19971109,Yes,Williams3e7260
Eric,Flores,19820107,Yes,Floresf68282
Anna,Richardson,19670223,Yes,Richardsonef158e
Benjamin,Smith,19871223,Yes,Smith9625b7
Taylor,Gomez,19821022,Yes,Gomez876bfa
Jeremy,Rodriguez,19780828,Yes,Rodriguez93ac7d
April,Garcia,19871231,Yes,Garcia26b559
Sharon,Garza,20020830,Yes,Garza401998
Lori,Sanchez,19980420,Yes,Sanchez364a71
Joseph,Reed,19511220,Yes,Reed3bc346
Jason,Armstrong,19921116,Yes,Armstronge2fb83
Jessica,Allison,19721030,Yes,Allison0c21b3
Arthur,Hall,19940311,Yes,Hall5eccdc
Sherry,Meza,19970409,Yes,Meza5bcfaa
Matthew,Turner,19940707,Yes,Turner0303a5
Jeffrey,Bauer,19660813,Yes,Bauer18f681
Sophia,Randolph,19500807,Yes,Randolph76c7ab
Marissa,Matthews,19720221,Yes,Matthews2a414f
Samuel,Thompson,19840304,Yes,Thompson8382b6
Zachary,Lee,19870704,Yes,Lee76ccec
Kara,Pittman,19680525,Yes,Pittman44c4de
Charles,Ruiz,19680113,Yes,Ruiz1546f4
Rachel,Shaw,19581223,Yes,Shaw45468f
James,Miller,19710831,Yes,Millerd11a8a
Gabriella,Anthony,19970106,Yes,Anthonyebd30f
Misty,Cantrell,19570303,Yes,Cantrellb19eba
Kelly,Guerrero,19970203,Yes,Guerrerod55cbf
David,Nichols,19620819,Yes,Nichols9226a5
Shawn,Galloway,19850419,Yes,Galloway1a4d25
Fernando,Salazar,19720419,Yes,Salazar88b5fe
Dennis,Sanford,19800806,Yes,Sanfordc7e244
Amanda,Murphy,20000730,Yes,Murphy0851c1
Bobby,Martin,20000331,Yes,Martin35f44d
Lauren,Jones,19870724,Yes,Jones3cea31
Vernon,Bishop,19730710,Yes,Bishopb05061
Phillip,Meyers,19601022,Yes,Meyers2871d7
Jeremy,Strickland,19501223,Yes,Stricklandc13f06
Robert,Martin,19500718,Yes,Martin6f48d8
Marc,Davis,19800520,Yes,Davis7d08db
William,Taylor,19860131,Yes,Taylor4fbc55
Alyssa,Pierce,19680516,Yes,Pierce133dc1
Michael,Brady,19500323,Yes,Bradybd4315
James,Rhodes,19771010,Yes,Rhodesdf2664
Ryan,Ramirez,19850425,Yes,Ramirez5ff322
Stephen,Thompson,19511112,Yes,Thompson52cd0d
Susan,Williams,19761205,Yes,Williams3b0d4b
Nancy,Aguilar,19950811,Yes,Aguilarad5a00
Jessica,Williams,19730824,Yes,Williamsb78352
Dylan,Johnson,19960107,Yes,Johnsond53b73
Pamela,King,19930929,Yes,King011485
Robert,Smith,19870424,Yes,Smith634dd6
Samantha,Gonzalez,19980829,Yes,Gonzalez31e9ac
Terry,Pierce,19640910,Yes,Pierce68d7c0
Jeffery,Walker,19560624,Yes,Walkerba5b70
Todd,Alvarez,19741125,Yes,Alvarez7bc5d7
Brett,Willis,19610908,Yes,Willisd0046a
Louis,Klein,19651220,Yes,Klein431630
Kristin,Wilkins,20020511,Yes,Wilkins48a0ad
Joshua,Lynch,19650526,Yes,Lynch495159
Deborah,Williams,19841121,Yes,Williamse69d3d
Timothy,Martin,20030501,Yes,Martin6cf84a
Sarah,Bright,19981115,Yes,Bright776f9a
Rebecca,Anderson,19730827,Yes,Anderson480714
Roger,Frost,19700217,Yes,Frost5ba4ad
Toni,Dunn,19800831,Yes,Dunn8edbeb
Eric,Dunn,19601207,Yes,Dunn84e934
Heather,Pierce,19570813,Yes,Pierce1096d3
Jordan,Erickson,19750802,Yes,Erickson6b9844
Susan,Ali,19990105,Yes,Alif361fb
Richard,Wilson,19990703,Yes,Wilsonf06267
Jon,Butler,19870318,Yes,Butlera60e8a
Paul,Phillips,19970216,Yes,Phillips01acdb
Adam,Parker,19980722,Yes,Parker5ebc0a
Cory,Walker,19621208,Yes,Walkera21bee
Jeffrey,Sanchez,19950914,Yes,Sanchezcf3c9f
Bianca,Martin,19780205,Yes,Martin7bf566
Jeffrey,King,19770623,Yes,King2f8a4c
Shelly,Mcdaniel,19951028,Yes,Mcdanielab5b4e
Melanie,Wiggins,20000214,Yes,Wigginsc46e01
Daniel,Smith,19860308,Yes,Smithe0b77c
Christopher,Smith,19810707,Yes,Smith216c57
Marc,Love,19550722,Yes,Love951978
Scott,Lawrence,19760104,Yes,Lawrencefbccd6
James,Sosa,19570811,Yes,Sosa840059
Jamie,Jackson,19770526,Yes,Jacksonb59430
Jeffrey,Hatfield,19701014,Yes,Hatfieldbf691b
James,Phillips,19611019,Yes,Phillipsc68d26
Jessica,Moore,19990905,Yes,Moore555b6e
Debra,Peters,19820804,Yes,Peters6955e6
Richard,Anderson,19700405,Yes,Anderson6c12a8
Lauren,Hahn,19720620,Yes,Hahn38908a
Joseph,Perez,19740909,Yes,Pereza30c9f
Faith,Edwards,19770726,Yes,Edwards96edd8
Laura,Vargas,19770910,Yes,Vargasb176f2
Sarah,Lewis,19810225,Yes,Lewisf236bd
Brad,Huff,19611227,Yes,Huff88806d
Thomas,Sanchez,19570914,Yes,Sancheza15360
Alexander,Richardson,19581025,Yes,Richardsone102e7
Matthew,Moore,20030707,Yes,Moore4788f3
Joseph,Howard,19520726,Yes,Howard99bdb6
Jacqueline,Phillips,19880118,Yes,Phillips3268fa
Anne,Richards,19690609,Yes,Richardse1b0f7
Derek,Thomas,19640724,Yes,Thomasa6b2aa
Joseph,Bonilla,19740508,Yes,Bonilla07c60f
Gary,Barber,19551112,Yes,Barber8e4483
Brian,Johnson,19810617,Yes,Johnson01409d
Christine,Peterson,19741119,Yes,Petersond30431
Christopher,Bautista,19940212,Yes,Bautista06ca75
Barbara,Krueger,19520322,Yes,Kruegerf41b09
Monica,Oconnor,19800107,Yes,Oconnor5d9bea
Peggy,Johnson,19720328,Yes,Johnson317e04
Susan,Herrera,19550826,Yes,Herrera2275e5
Andrew,Matthews,19880219,Yes,Matthews33105e
Erin,Kennedy,19650109,Yes,Kennedye1e076
Jason,Lopez,19740830,Yes,Lopezad64b2
Jerry,Clark,19950928,Yes,Clark850e22
Alyssa,Kim,19901108,Yes,Kim616387
Courtney,Williams,19990919,Yes,Williams225d6e
Kevin,Haynes,19690624,Yes,Haynesd74e4f
John,Hicks,19530912,Yes,Hicksc3ab0a
Eric,Kennedy,19990522,Yes,Kennedyb93e8a
Matthew,Nelson,19580127,Yes,Nelson49b517
Carolyn,Glover,19790714,Yes,Glover9a7005
Robert,Moore,19550415,Yes,Moorebd6b13
Nicole,Mcgee,19590303,Yes,Mcgee840079
Danielle,Hunter,19710811,Yes,Hunterc76d06
Kelly,Perez,19600519,Yes,Perez016c79
Mary,Odom,19630813,Yes,Odome87963
Arthur Gibson,II,19610306,Yes,II7ade82
Miss Katherine,Brennan,19771113,Yes,Brennanfbe294
Christopher,Miller,19850131,Yes,Miller5a80bf
Amber,Hopkins,19750831,Yes,Hopkins7c2f6e
Christine,Lara,19590103,Yes,Lara056220
Nancy,Garcia,19680305,Yes,Garcia76b845
Alex,Rhodes,19780913,Yes,Rhodesa5121a
Daniel,Bennett,19730228,Yes,Bennett1ed65f
Kevin,Woodard,19550809,Yes,Woodard0dee61
Todd,Wheeler,19960904,Yes,Wheeler62b5fc
Linda,Woods,19611127,Yes,Woods5e5f20
Alan,Peterson,19760129,Yes,Peterson9e7092
Jacob,Grant,19911204,Yes,Grant466943
Gabrielle,Johnson,19580610,Yes,Johnsonaa25ec
Anne,Howard,19690610,Yes,Howard45839a
Caleb,Morales,19660329,Yes,Morales0598c7
James,Dominguez,19881205,Yes,Domingueze2663e
Kathryn,Cardenas,19830508,Yes,Cardenas35ae46
Jeffrey,Santiago,19750228,Yes,Santiago5cbec5
Andrew,Mclaughlin,19730514,Yes,Mclaughlinb2423f
Bryan,Porter,19570214,Yes,Portere9e423
Brendan,Smith,19580516,Yes,Smith750a97
Amy,Wilson,19740412,Yes,Wilson095400
David,Clark,19850801,Yes,Clarkf30a35
Erika,Joseph,19810303,Yes,Josephf0dcb2
Jeffrey,Hernandez,19891231,Yes,Hernandezf32511
Michael,Miller,19640520,Yes,Miller375ad4
Theresa,Newman,19941129,Yes,Newman069d11
Paul,Romero,19601007,Yes,Romero7ffdeb
Kathleen,Ramirez,19550829,Yes,Ramirez04ceb5
Janet,Choi,19860718,Yes,Choie37de9
Mark,Bender,19690911,Yes,Benderb8ade0
Abigail,Brown,19800810,Yes,Brown7bef75
Antonio,Dominguez,19801115,Yes,Dominguez821d78
Tony,Morris,19700805,Yes,Morris1057d2
Randy,Carlson,19550530,Yes,Carlsond8db20
Mitchell,Pierce,20010824,Yes,Pierce7e42c1
Angela,West,19810427,Yes,West0afbac
Sherry,Lyons,19980902,Yes,Lyons5c73e9
Jennifer,Butler,19511118,Yes,Butlerc810e3
Kevin,Peters,19670602,Yes,Peters4b936e
Benjamin,Conway,19551228,Yes,Conwayb14b91
Noah,Mccarty,19650620,Yes,Mccarty6f29c5
Andrew,Stewart,19511202,Yes,Stewartc37651
Brenda,Jones,19550804,Yes,Jonese27fe8
Jerry,Shannon,19510505,Yes,Shannon6484db
Blake,Brown,19570615,Yes,Brown755720
Michael,Bowers,20020903,Yes,Bowers29d221
Elizabeth,Bailey,19630101,Yes,Bailey5c8a50
James,Cruz,19500730,Yes,Cruza17c60
Kelly,Levy,19940805,Yes,Levy1b7392
Thomas,Burton,19750419,Yes,Burtone624b3
Kimberly,Garcia,19630801,Yes,Garciaea09c3
Paul,Peterson,20021225,Yes,Petersonc41f42
Michael,Reilly,19720514,Yes,Reilly1c829c
Alejandra,Martinez,19791221,Yes,Martinezd6f6b2
Timothy,Sanders,19521003,Yes,Sanderse813fc
Latoya,Little,19780708,Yes,Little9b0c82
Sarah,Harvey,19600331,Yes,Harvey119d2d
Aaron,Hansen,19980128,Yes,Hansendf29c3
Melissa,Ortiz,19580729,Yes,Ortiz84be03
Brooke,Hernandez,19911114,Yes,Hernandezbcb5b4
Lisa,Livingston,19500423,Yes,Livingston192958
Eugene,Mason,19781213,Yes,Mason6bc9ba
Daniel,Cunningham,19730326,Yes,Cunningham12799d
Alex,Smith,20020503,Yes,Smith894dd6
Charles,Jennings,19750714,Yes,Jennings18c5d8
Jessica,Vargas,19810517,Yes,Vargased53f1
Olivia,Clark,19741001,Yes,Clark92a9e6
Ricky,Allen,19610619,Yes,Allen3a5186
Cathy,Carney,19970522,Yes,Carney0d73a5
Ashley,Spencer,19910126,Yes,Spencerc60e69
Victoria,Strickland,19530730,Yes,Stricklandc68d2c
Patrick,Smith,19720129,Yes,Smith5b12ee
Samuel,West,20020627,Yes,West15f40d
Haley,Baldwin,19650413,Yes,Baldwinb34397
Alexander,Wilson,19881111,Yes,Wilson51998e
April,Cole,19610622,Yes,Cole2b0a2b
Holly,Riley,19740728,Yes,Riley3e1f80
Jeffrey,Poole,19570204,Yes,Poole23f281
Rachel,Poole,19760807,Yes,Poole46b07d
Sheena,Ward,19730926,Yes,Ward57d0cf
Cynthia,Smith,19510509,Yes,Smith8477eb
Kevin,Clayton,19750807,Yes,Clayton6ad7dd
Deanna,Smith,19510416,Yes,Smith774d50
Sarah,Coleman,19500119,Yes,Colemandb2598
Kurt,Butler,19640621,Yes,Butler198208
Cody,Becker,19601216,Yes,Beckerdd3177
Miss Molly,Miller,19770511,Yes,Millerd8bf5f
Craig,Bailey,19970713,Yes,Baileyfac5da
Patricia,Gray,19660319,Yes,Gray00c0a7
Robert Rivera,DVM,19500722,Yes,DVM6a7ce7
Miss Michelle,Lewis,19830121,Yes,Lewisafe1c4
John,Owens,19670424,Yes,Owens4cd378
Sarah,Smith,19680804,Yes,Smith313dd8
Nancy,Lucas,19830607,Yes,Lucasb2c401
Christina,Murray,19791217,Yes,Murraya46c72
Emma,Berry,19940107,Yes,Berryc02ad7
Christopher,Gross,20031114,Yes,Gross2742d7
Jason,Hawkins,19541001,Yes,Hawkins8aa4f2
Jeffrey,Rodriguez,19690718,Yes,Rodriguez84bf31
Christina,Miller,19530425,Yes,Miller84bb3b
Maria,Miller,19941221,Yes,Miller208dd6
Eileen,Davis,19520404,Yes,Davis3a81fe
John,Kelley,19960928,Yes,Kelley336bac
Harry,Miller,19890613,Yes,Miller4e2a7e
Ellen,Montes,19610714,Yes,Montes29eaae
Gregory,Mclean,19610801,Yes,Mclean3b78d3
Angela,Spencer,19980502,Yes,Spencer071ed5
Christina,Price,19860805,Yes,Price352385
Michael,Morris,19790924,Yes,Morris05ed3b
Amber,Randall,19520910,Yes,Randallfe7f8d
Matthew,Morris,19981111,Yes,Morrisf96575
Cindy,Blackburn,20001008,Yes,Blackburn0c5fb5
Matthew,Jacobson,19510412,Yes,Jacobson496c26
Stacy,Jones,19940909,Yes,Jonesc6f5dd
Scott,Zimmerman,19560130,Yes,Zimmerman881d6b
Dakota,Silva,19791007,Yes,Silva80f7f9
Jacob,Spencer,19620226,Yes,Spencerd5b01e
Barbara,Hudson,19971028,Yes,Hudson9d6709
Sherry,Peterson,19691126,Yes,Petersonc30b89
Austin,Bird,19760515,Yes,Bird868530
Matthew,Oliver,19720423,Yes,Oliver94edc0
Roger,Maddox,19810426,Yes,Maddox6974f9
Kristin,Higgins,19981219,Yes,Higginsbc84fd
Gilbert,Johnson,19850923,Yes,Johnsone0381c
Bryan,Gutierrez,19881118,Yes,Gutierrezc61e82
Peter,Schultz,19570829,Yes,Schultz5fff49
Karen,Smith,19630505,Yes,Smith473c49
Justin,Burke,19961202,Yes,Burkeea689e
Sarah,Ramsey,19640622,Yes,Ramsey4c3e8c
Michael,Chang,19900209,Yes,Change27c88
Pamela,Hughes,19570116,Yes,Hughesbf91b3
Jimmy,Morris,19640120,Yes,Morris25892d
Lauren,Romero,20020425,Yes,Romeroe57501
Adam,Jones,19570107,Yes,Jones2b07e3
Michelle,Kidd,19500222,Yes,Kiddad9627
Matthew,Murphy,19600216,Yes,Murphy5dc4ee
Jessica,Arroyo,20021019,Yes,Arroyoa6982e
Caleb,Zuniga,19681028,Yes,Zunigaa2d94d
Kenneth,Walton,19950309,Yes,Waltondc1473
Cheyenne,Moreno,19600912,Yes,Moreno8048c1
Courtney,Lopez,19710810,Yes,Lopez93fe37
Kenneth,Williamson,19541003,Yes,Williamsonb834cd
William,Armstrong,19641118,Yes,Armstronge8b45f
Bruce,Browning,19631113,Yes,Browning1f631d
Shannon,Gilbert,19920613,Yes,Gilbertcba398
Amanda,Brown,19541218,Yes,Browncde998
Pedro,Mitchell,19610927,Yes,Mitchell31c89c
Riley,Gomez,19810211,Yes,Gomez010a6a
Shelby,Price,19860807,Yes,Pricee8f961
Scott,Harris,19901214,Yes,Harrisfc2221
Bonnie,Franklin,19880714,Yes,Franklinf8d94a
Ashley,Morris,20021001,Yes,Morris73a97c
Christopher,Stark,19710307,Yes,Stark919457
Vanessa,Johnson,19601019,Yes,Johnson8fef3a
Jack,Jensen,19601229,Yes,Jensen676e24
Daniel,Armstrong,19820714,Yes,Armstrongf79a4f
Susan,Donovan,19690130,Yes,Donovan6c6194
Michael,Serrano,19820711,Yes,Serrano1ec7eb
Michael,Powell,19941127,Yes,Powell4f74de
Alexander,Lowe,19610508,Yes,Lowe73be1b
Jennifer,Vega,19710307,Yes,Vega919457
Aaron,Wilson,19870517,Yes,Wilson6845cf
Samuel,Lee,19740902,Yes,Leed3d5c7
Jennifer,Weaver,19781015,Yes,Weaverfeb810
Timothy,Ortega,19980104,Yes,Ortega17e397
Leonard,Hamilton,19880229,Yes,Hamiltonf22761
Kathy,Phillips,19841216,Yes,Phillips608c96
Danny,Simmons,19631013,Yes,Simmonscd946d
Jennifer,Jimenez,19921121,Yes,Jimenez5ed59d
Penny,Lopez,19540925,Yes,Lopez7b6211
Victoria,Lawson,19541204,Yes,Lawsonc755df
Michael,Martinez,19521107,Yes,Martinezbc0fc2
Samantha,Sullivan,19600423,Yes,Sullivan614951
Paul,Jones,19940215,Yes,Jonesf903f1
Danielle,Tran,19880826,Yes,Tran40aaaf
Jeff,Freeman,20030520,Yes,Freeman35a3d8
Marissa,Jones,19580806,Yes,Jonescdd9ff
Elijah,Roy,19870705,Yes,Roy57ef7b
Courtney,Simpson,19731103,Yes,Simpson7383f7
Kimberly,Hopkins,19931022,Yes,Hopkins56d128
William,King,19841115,Yes,King4ae334
Stephanie,Robertson,20020805,Yes,Robertsonc09d46
Rickey,Hill,19640430,Yes,Hillbd6ccb
Erika,Stewart,19851226,Yes,Stewart40f40c
Gregory,Allen,19780122,Yes,Allenc7f068
Christina,Johnson,20010622,Yes,Johnson5dcd5e
Kelli,Wells,19540308,Yes,Wells5c2c04
Nathan,Archer,19560723,Yes,Archerc62326
Michael,Kline,19650623,Yes,Kline6fe75a
Joshua,Rodriguez,19530317,Yes,Rodriguez1eec66
James,Rodriguez,19810717,Yes,Rodrigueza7ea38
Robert,Ortega,19600316,Yes,Ortega7f6475
Teresa,Ruiz,19510904,Yes,Ruize89dfb
Madison,Mejia,19530323,Yes,Mejia10b0a0
James,Bailey,19861007,Yes,Baileyb3b3be
Mary,Perry,19730808,Yes,Perrye86258
Crystal,Jones,19620914,Yes,Jones85733a
Aaron,Brown,19860502,Yes,Brown9035e0
Brian,Contreras,19650708,Yes,Contreras91010f
Tanya,Barajas,19740430,Yes,Barajasc09f89
Ashley,Frost,19521020,Yes,Frostddfa15
Samantha,Rasmussen,19940621,Yes,Rasmussen0fcc4a
Erica,Weber,19930809,Yes,Weberb31655
Amanda,Campbell,19810324,Yes,Campbellfe47b1
Vincent,Martin,19840124,Yes,Martin927136
Tony,Crawford,19870818,Yes,Crawforda2a35b
Randy,Sullivan,19611025,Yes,Sullivan7d828c
Kimberly,Thompson,20001211,Yes,Thompson77cc83
William,Hopkins,20010104,Yes,Hopkinscfbfaf
Martin,Compton,19840602,Yes,Compton395a9e
Anthony,Gross,19660423,Yes,Gross9a287c
Tracy,Brown,19720823,Yes,Brown8baf8f
James,Stanley,20011008,Yes,Stanleya95cd9
Norma,Jenkins,19570323,Yes,Jenkinse55376
Leslie,Preston,19720510,Yes,Prestond09229
Crystal,Valdez,20030802,Yes,Valdezddc447
Jay,Parker,19930930,Yes,Parker311d63
Lance,Williams,19730807,Yes,Williams44d674
Carl,Taylor,19750112,Yes,Taylor10cf54
Brenda,Dean,19690215,Yes,Dean33bccb
Kathleen,Allen,19860113,Yes,Allenb02ca6
Patricia,Olsen,19981124,Yes,Olsen98e22b
Marie,Lamb,19790410,Yes,Lamb5dc6d5
Nathan,Flores,19790409,Yes,Floresa43fb7
Ashley,Caldwell,19880903,Yes,Caldwellaa013e
David,Frank,19680928,Yes,Frank97c934
Heather,Boyle,20030301,Yes,Boyleb1a106
Renee,Martin,19810421,Yes,Martincaab29
Keith,Parker,19640826,Yes,Parker0793ea
Ernest,Blake,19990621,Yes,Blakeed1550
Melissa,Levy,19500330,Yes,Levybef91e
Brandon,Powell,19760606,Yes,Powellfe4b65
Lisa,Holloway,19720102,Yes,Holloway485d06
Kimberly,Stone,19940512,Yes,Stone1d9aa4
Adam,Jones,19730316,Yes,Jones575ba2
Richard,Tucker,19710625,Yes,Tucker0eb60d
Elizabeth,Andersen,19740123,Yes,Andersen610666
Destiny,Lutz,19940412,Yes,Lutz3427fd
Brandy,Allen,19810113,Yes,Allen54dd15
Stephanie,Decker,19770905,Yes,Decker0c2cab
Michelle,Keller,19510607,Yes,Keller800656
Stacey,Yates,19921208,Yes,Yates0613f5
Sue,Lee,19860829,Yes,Leef9df7b
Anna,Long,19740316,Yes,Long850abd
Annette,Watson,19580423,Yes,Watson6dc0c1
Robert,Perez,19690528,Yes,Perez6ff111
James,Thomas,19520509,Yes,Thomas6cc50d
Kelli,Olson,19960723,Yes,Olson50aa76
Becky,Reid,19751027,Yes,Reid1bdd4e
Wesley,Shaw,19830121,Yes,Shawafe1c4
Pamela,Boyd,19680628,Yes,Boyd94bd78
Jeremy,Lewis,19530107,Yes,Lewis644d94
Jennifer,Garza,19890603,Yes,Garzabe6d15
Larry,Wilson,19670221,Yes,Wilson0ce7d7
Joshua,Thompson,19840830,Yes,Thompson9e0583
Dennis,Williams,19661107,Yes,Williams874b3e
Karen,Morton,19910410,Yes,Mortone4bde6
Joseph,Perry,19510616,Yes,Perryb530f3
Heather,Herman,19710606,Yes,Herman0ab62b
Laura,Lopez,19901221,Yes,Lopezea3475
Joel,Webb,19891009,Yes,Webb5b6934
Donna,Malone,19521007,Yes,Malone73ad1c
Reginald,Barnes,19730214,Yes,Barnesf462cf
Brett,House,19841126,Yes,House3cb134
Robert,Weaver,19820218,Yes,Weaver201e16
Beth,Martinez,19681225,Yes,Martinez204f4d
Nicole,Small,19570414,Yes,Small09b680
Anthony,Cline,19890125,Yes,Clined04f7b
Spencer,Ware,19801009,Yes,Ware0b5e6e
Willie,Erickson,19910110,Yes,Erickson3df9d8
Daniel,Nguyen,19590903,Yes,Nguyen6a5e70
Tiffany,Brown,20030217,Yes,Brown1d91b6
Leonard,Martinez,19560922,Yes,Martinez7564a0
Thomas,Forbes,19591023,Yes,Forbes60d809
Robert,Stephens,20000619,Yes,Stephens5a6e3d
Kevin,Mayo,19761029,Yes,Mayod6f2e8
Daniel,Chen,19520716,Yes,Chen7d3b15
Samuel,Dalton,19960916,Yes,Dalton32ce48
Heather,Bennett,20020105,Yes,Bennettdcbc8e
Joshua,King,20000106,Yes,King89592d
Randy,Moyer,20030617,Yes,Moyer839f37
Crystal,Blake,19701117,Yes,Blakee7660c
Heather,Combs,19590428,Yes,Combs2d19f0
Amanda,Evans,19590224,Yes,Evans62a52d
Sergio,Day,19510531,Yes,Day69b708
Julie,Boyd,19690906,Yes,Boyd9e514e
Tara,Barnes,19540801,Yes,Barnesbc727b
Logan,Watkins,20000511,Yes,Watkinsc99644
Steven,Ortiz,19670605,Yes,Ortizc84c21
Lisa,Marquez,19710326,Yes,Marquez7aa36b
Sergio,Hughes,19810309,Yes,Hughes0c3d29
Destiny,Rojas,19860121,Yes,Rojas1f285c
Danny,Lewis,19521225,Yes,Lewis07faff
Jennifer,Martin,19830527,Yes,Martin823815
Arthur,Chandler,19610210,Yes,Chandler4ab754
Cheryl,Crosby,19580930,Yes,Crosby9b4b3c
Ronald,Hudson,19511003,Yes,Hudson01af18
Jennifer,Lee,19500104,Yes,Leed79994
Gregory,Yoder,19530620,Yes,Yoder701081
Carolyn,Harmon,19980124,Yes,Harmon695981
Christopher,Harrell,19700630,Yes,Harrell7257b7
Kevin,Johnson,19930802,Yes,Johnsona67f31
Michael,Harrison,19510819,Yes,Harrison087c81
Terry,Moore,19870615,Yes,Moorec62aad
James,Rogers,19930704,Yes,Rogers656af4
Kathleen,Tran,19740211,Yes,Tranb0eca9
Jacqueline,Conway,19710617,Yes,Conwayae4271
Chad,Clark,19610919,Yes,Clark350612
Maxwell,Cole,19510203,Yes,Cole92aa4e
Bethany,Williamson,19540310,Yes,Williamson2b72ad
Joseph,Wright,19570521,Yes,Wrightf1b731
Thomas,Rogers,19970819,Yes,Rogers3818bf
Jenny,Lewis,19970706,Yes,Lewis11948d
Heidi,Bolton,19560616,Yes,Bolton06e0a4
Daniel,Lewis,19770205,Yes,Lewise0082d
Dale,Ramirez,19550323,Yes,Ramirez63293d
Carol,Sharp,19750312,Yes,Sharp7f0b37
Joseph,Buck,19520311,Yes,Buck542b91
Lynn,Anderson,19960113,Yes,Anderson542fb5
Emily,Andrews,19550427,Yes,Andrewsbbb39d
Sarah,Harris,20010530,Yes,Harris526cae
Victor,Owens,19960815,Yes,Owens620f19
Kimberly,Koch,19870125,Yes,Koch439718
Allison,Obrien,19620423,Yes,Obrien00e34d
John,Rogers,19710905,Yes,Rogers160f63
Laura,Bailey,19700811,Yes,Bailey13f67b
Janet,Collins,19840721,Yes,Collins120bd8
Kristin,Lawson,19760111,Yes,Lawsoncbf97e
James,Castaneda,19640126,Yes,Castaneda7660ad
Michael,Middleton,19810804,Yes,Middleton02dfcc
Robert,Ortiz,19761108,Yes,Ortiz66abd6
Connie,Harper,19950627,Yes,Harper709ac1
Debbie,Burns,19830806,Yes,Burnsf2b3af
Gabriel,Preston,19961120,Yes,Prestonb6298b
Steven,Hodges,19510903,Yes,Hodges0c95aa
Brandon,Orozco,19870717,Yes,Orozco02d2bd
Kari,Nguyen,19991119,Yes,Nguyen6f5461
Brittany,Hill,19870605,Yes,Hill2c87a6
Carrie,Martinez,19740124,Yes,Martineza7c339
Jeffery,Hill,19591223,Yes,Hille24f9e
Linda,White,19751015,Yes,Whitee99606
Jake,Spencer,20020509,Yes,Spencerc21d73
Joseph,Chan,19660922,Yes,Chanf9d1ec
Sara,Dominguez,19860220,Yes,Dominguez401336
Kathleen,Ali,19960602,Yes,Alia27465
Danielle,Stephens,19610929,Yes,Stephensbaaae3
Ann,Wolf,19801112,Yes,Wolfdbc295
Brianna,Schaefer,19761203,Yes,Schaeferac7f3e
Angela,Morris,19760702,Yes,Morris9ba0c6
Cristian,Kelley,19510108,Yes,Kelleyf31014
Jeffrey,Turner,19840112,Yes,Turnera2281a
Jesse,Perry,19691013,Yes,Perry1c3c64
Ricardo,Cruz,19780205,Yes,Cruz7bf566
Jessica,Smith,19510531,Yes,Smith69b708
Brenda,Long,19510914,Yes,Longf0fcab
Megan,Taylor,19930510,Yes,Taylor757b69
Kelly,Morales,19800227,Yes,Morales3cabc1
Sheri,Johnson,19880422,Yes,Johnson5c5943
Lori,Pacheco,19620630,Yes,Pacheco7ccf5c
Sandra,Schmidt,19590711,Yes,Schmidtbe25c3
Rachel,Hill,19541202,Yes,Hill2b641d
Emily,Case,19850508,Yes,Case1fe51a
Seth,Alvarez,19800108,Yes,Alvarezaf3210
Jose,Reyes,19700929,Yes,Reyes0a636d
Zachary,Le,19851028,Yes,Le44e841
Rhonda,Anthony,19740915,Yes,Anthony91ec3d
Joseph,Hill,20020923,Yes,Hill0d4d98
Erin,Davis,19600917,Yes,Davisdbcb2f
Lucas,Brown,19891101,Yes,Brown1ebf83
William,Garcia,19850912,Yes,Garcia72e9b2
Lauren,Swanson,19610921,Yes,Swansonb3ea59
John,Frank,19500519,Yes,Frank4dfb90
Tony,Perry,19730910,Yes,Perryd9da10
Nicole,Schmidt,19651109,Yes,Schmidt54bf24
Nathan,Gray,19960618,Yes,Gray15cd60
Nichole,Delgado,19720305,Yes,Delgadof68ba9
Raven,Ford,19960213,Yes,Ford367013
Marcus,Rodriguez,19690511,Yes,Rodriguez3a35bc
Daniel,Grimes,19821126,Yes,Grimes2efc51
Samuel,Solomon,19871230,Yes,Solomon23bae2
Katrina,Miller,19540308,Yes,Miller5c2c04
Raymond,Conner,19970128,Yes,Conner719707
Cory,Garcia,19550202,Yes,Garcia14ae78
Lori,Fuller,19680101,Yes,Fuller9068b7
Corey,Wilson,19531011,Yes,Wilsonda57e4
Denise,Dominguez,19660628,Yes,Dominguezdb12a6
Holly,James,19641104,Yes,Jamese7a3a7
Alicia,Mccarty,19820916,Yes,Mccartya4b9de
Zoe,Christian,19990319,Yes,Christian90eb36
Nicholas,Watson,19620403,Yes,Watson61db68
Shirley,Ruiz,19720812,Yes,Ruiz956d35
Victoria,Wood,19910622,Yes,Wood67f271
Jillian,Knight,19881108,Yes,Knight10192a
Ryan,Fisher,19871030,Yes,Fisher277033
Stephanie,Howe,19630905,Yes,Howea7c946
Kenneth,Kim,19990505,Yes,Kimc0e4a8
Andrew,Macias,19661013,Yes,Maciasa41162
Lisa,Jackson,19730114,Yes,Jackson89ce69
Elizabeth,Huffman,19580918,Yes,Huffmanfb25a2
Christina,Stone,19930320,Yes,Stone9ab9f8
Miranda,Mata,19930124,Yes,Mata53cfc3
Alexander,Merritt,19800913,Yes,Merritt696fdb
Austin,Alexander,19950418,Yes,Alexander124381
Kelly,Sanders,19520413,Yes,Sanderse9c2f8
Matthew,Jones,20000615,Yes,Jonesfae51f
Donna,Juarez,19550612,Yes,Juarezab899b
Sarah,David,19981216,Yes,David39e9f8
Carmen,Barajas,19810526,Yes,Barajas62836c
Angela,Johnson,19840827,Yes,Johnson5dcbaa
Melissa,Sparks,19930802,Yes,Sparksa67f31
Rebecca,Serrano,19650726,Yes,Serranoc59d5c
Katherine,Hill,19830918,Yes,Hille971ed
Kristin,Hart,19661217,Yes,Hart3b2649
Jacqueline,Ho,19610131,Yes,Ho735510
Tyler,Rodriguez,19691123,Yes,Rodriguezc3743a
Michael,Knight,19870408,Yes,Knighte66abd
Heather,Arroyo,19790709,Yes,Arroyo440224
Lori,Larson,19630807,Yes,Larson067142
Lindsay,Lopez,19820123,Yes,Lopezb6ee88
David,Vazquez,19900612,Yes,Vazquez13d09f
Karen,Salazar,19950502,Yes,Salazarcf1ae7
Sherry,Hicks,19611127,Yes,Hicks5e5f20
Sarah,Davila,19790906,Yes,Davila1977b8
Karen,Oneill,19921004,Yes,Oneill7278cc
Nicholas,Mills,19631001,Yes,Millsf511aa
Kim,Hull,20030619,Yes,Hulld01176
Jennifer,Montgomery,19710715,Yes,Montgomery1a3346
Cynthia,Bailey,19790825,Yes,Bailey13beba
John,Wright,19831019,Yes,Wrightfefcf4
Kelsey,Miller,19781107,Yes,Millerd66763
Sheila,Brown,19821128,Yes,Brown565a73
Lisa,Moore,19941119,Yes,Moorea6529a
Brianna,Haynes,19980401,Yes,Haynesdd4dab
Julian,Newman,19580313,Yes,Newman15a276
Thomas,Ferguson,19591213,Yes,Fergusonfb4589
David,Swanson,20021220,Yes,Swanson0be9cc
Kathryn,Dyer,19591210,Yes,Dyer7b5ce8
Lauren,Rodriguez,19931016,Yes,Rodrigueza9b997
Jeffrey,Rodriguez,19900331,Yes,Rodriguezf13032
Richard,Anderson,19580607,Yes,Anderson7118fe
Andrea,Huynh,19890929,Yes,Huynh1735e5
Brian,Allen,19560101,Yes,Allen013af3
Jacqueline,Peck,19590210,Yes,Peck723a26
Jessica,Lee,19670124,Yes,Lee7f12ff
Martin,Allen,20020924,Yes,Allen7a4f23
Jason,Mcdaniel,19650403,Yes,Mcdaniel500617
Angela,Mitchell,19690105,Yes,Mitchell06d3f9
Derrick,Sanchez,19700424,Yes,Sanchez9f2667
Christine,Ellis,19980617,Yes,Ellisb9ff03
Alyssa,Salinas,19980710,Yes,Salinas8ad1c3
Kevin,Walsh,19920805,Yes,Walsh8cd295
Stuart,Daniels,20020317,Yes,Danielsc934da
Kenneth,Knox,19990626,Yes,Knoxd64ed8
Steve,Mitchell,19751027,Yes,Mitchell1bdd4e
Craig,Hendricks,19951018,Yes,Hendricksa352c8
Ricky,Kerr,19510625,Yes,Kerra02d82
Gloria,Aguilar,19690606,Yes,Aguilard36615
Gerald,Hall,19711007,Yes,Hall0bc149
Alexander,Knight,19740812,Yes,Knight7e064e
Joseph,Cross,19530126,Yes,Cross36c08a
Joel,Myers,19720920,Yes,Myers1466d1
Michael,Mckee,20000917,Yes,Mckee92c0ea
Roy,Park,19551029,Yes,Parka639e6
Jonathan,Castro,19700409,Yes,Castro49d900
Richard,Carroll,19610526,Yes,Carroll783912
Michelle,Fletcher,19831024,Yes,Fletchere6fffc
Carol,Murphy,19640317,Yes,Murphyecd95e
Michael,Russell,19680308,Yes,Russell203e49
Shawna,Andrews,19981115,Yes,Andrews776f9a
Dana,Hernandez,19940126,Yes,Hernandez3d7b1b
Lauren,Harris,19780811,Yes,Harrise20bdc
Sean,Morales,20030920,Yes,Morales867f3f
Andrea,Dennis,19570926,Yes,Dennis14df34
John,Mendoza,19850519,Yes,Mendozafa60de
Jeremy,Krueger,19830715,Yes,Kruegerb37c9c
Sierra,Mcdaniel,20030713,Yes,Mcdaniel4de3f7
Wendy,Smith,19700128,Yes,Smith85c0b7
Leslie,Diaz,19570430,Yes,Diaz0bd1dc
Grant,Snyder,19731031,Yes,Snyderd3f05c
Brandi,Jenkins,19651228,Yes,Jenkins27fe61
Amy,Haynes,19600314,Yes,Haynes18bc27
John,Roberts,19540315,Yes,Robertsd606a5
Carrie,Nelson,19510609,Yes,Nelsonfde1dd
Jacob,Hood,19560208,Yes,Hoodbb6b93
Tracy,Charles,19931108,Yes,Charles024858
Heather,Miller,19530128,Yes,Miller28ba0a
Brandon,Johnson,19851003,Yes,Johnson8eba47
Kevin,Cook,19780913,Yes,Cooka5121a
Derrick,Lane,19890916,Yes,Lane24958c
Wendy,Nelson,19650108,Yes,Nelsonf7fc33
Jasmine,Ramsey,19500407,Yes,Ramsey843ef9
William,Beltran,19850313,Yes,Beltranb42ac8
Albert,Jefferson,19841117,Yes,Jefferson841277
Jessica,Ferguson,19670129,Yes,Ferguson8004f3
Gerald,Stuart,19950810,Yes,Stuart42d02b
Jacob,Vaughan,19830908,Yes,Vaughan400569
Matthew,Fuentes,19660329,Yes,Fuentes0598c7
April,Carpenter,19710929,Yes,Carpenter4acee9
Rachel,Garcia,19961021,Yes,Garciad383b3
Patrick,Madden,19941101,Yes,Maddend8100f
Angela,Myers,19740126,Yes,Myers963657
Wayne,Baker,19671227,Yes,Baker726e6d
Haley,Cox,19641001,Yes,Coxc2d501
Dan,Sanders,19500813,Yes,Sanders65a5dc
Timothy,Boyle,19840608,Yes,Boyle7540af
Thomas,Fisher,19850415,Yes,Fishercd40a0
Taylor,Lopez,19570522,Yes,Lopezd2a7df
Cynthia,Ortiz,19590706,Yes,Ortizfed1fb
Jeffrey,Macias,19900310,Yes,Macias76606d
Brian,Drake,19621102,Yes,Drake1697ce
Anna,Austin,19991122,Yes,Austin69ddb3
Joel,Clark,19580712,Yes,Clarkb12918
Deborah,Olson,19570805,Yes,Olson4c0a6b
Michael,Love,20020321,Yes,Love011951
Timothy,Jordan,19991228,Yes,Jordan26d57f
Kathy,Leblanc,19810227,Yes,Leblanc25e89e
William,Floyd,19720713,Yes,Floydee7c05
Angela,Hayden,19960623,Yes,Hayden44dbe5
Renee,Hodges,19871228,Yes,Hodgesc32058
Samantha,Miller,19650406,Yes,Millerb1a7bc
Lauren,Orozco,20000126,Yes,Orozco32e5d9
Destiny,Johns,19731201,Yes,Johnsbd3509
Jennifer,Davis,19931018,Yes,Davisd9ba61
April,Owen,19670923,Yes,Owen1c1c8c
Evan,Russell,19590120,Yes,Russelleeae94
Jordan,Cruz,19580323,Yes,Cruza019e5
Brent,Castaneda,19580307,Yes,Castaneda1e9a55
Gregory,Peters,19900902,Yes,Peters62c2df
Jason,Malone,19550503,Yes,Malone820578
Matthew,Salazar,19991211,Yes,Salazar8a3911
Martin,Morris,19930810,Yes,Morrised007a
Natasha,Martinez,19680418,Yes,Martinezfa7cbb
Charles,Powell,19970906,Yes,Powell89e264
Brian,Powell,19591115,Yes,Powellc3379b
Laura,Sandoval,19860913,Yes,Sandoval6592db
Charles,Gonzalez,19710404,Yes,Gonzalezbc4a42
Nicholas,Caldwell,19770714,Yes,Caldwell92d768
Brian,Wyatt,19581211,Yes,Wyattac546c
Ryan,Garcia,19930815,Yes,Garciaa540e6
Megan,Anderson,19700729,Yes,Andersona86c0e
Pamela,Hughes,19870613,Yes,Hughes5403fe
Tiffany,Scott,19861110,Yes,Scottaf31db
Stanley,Conway,19850905,Yes,Conwayb17c3c
Yolanda,Petty,19910125,Yes,Petty89b4f6
Emily,Oneal,19580118,Yes,Oneal1a34ff
Tara,Jones,19850303,Yes,Jones7290cb
Christine,Cohen,19940621,Yes,Cohen0fcc4a
Daniel,Gutierrez,19571103,Yes,Gutierrez8e2f3e
George,Williams,19810319,Yes,Williamsc20d32
Lori,Allen,20020916,Yes,Allen8c0004
Charles,Kelly,19690401,Yes,Kelly0c61de
Jonathan,Villa,19751203,Yes,Villa19bdda
Cindy,Jackson,19670727,Yes,Jackson40b1bf
Scott,Williams,19800308,Yes,Williams10ae3a
Dylan,Hernandez,19950301,Yes,Hernandez045444
Michelle,Garcia,19801017,Yes,Garcia6967c8
Matthew,Bailey,19870728,Yes,Bailey255ab5
Kristin,Edwards,19820603,Yes,Edwardse7bbf9
Kristen,Kirk,19590823,Yes,Kirk079a30
Ruth,Carrillo,19790905,Yes,Carrillod036e7
Jacob,Stephenson,19541111,Yes,Stephensondd8906
Curtis,Flynn,19780926,Yes,Flynn066c3e
Thomas,Perez,19630220,Yes,Perez7a5c3d
Sheri,Kline,19940609,Yes,Klinee724e4
Jeff,Baker,19670424,Yes,Baker4cd378
William,Powell,19670721,Yes,Powelld1cfb3
Shannon,Thomas,19680903,Yes,Thomas2a3b97
Jeffrey,Murray,19821221,Yes,Murray8d3f74
Carla,Jackson,19940715,Yes,Jackson5ae26d
Kristin,Wagner,19970129,Yes,Wagner83f4e1
Kathleen,Rodriguez,19671005,Yes,Rodriguez3b4140
Nicole,Shea,19560102,Yes,Sheaabeb33
