cust_membership_id,cust_first_name,cust_last_name,cust_birth_date,cust_gender_code,cust_phone_num,cust_address,cust_postal_code
Smithc76776,Patty,Smith,19750827,U,98765432,some address,123456
Wang041686,Sean,Wang,19600311,U,98765432,some address,123456
Estrada0bf5b6,Richard,Estrada,19921015,U,98765432,some address,123456
Cline825fbf,Jackson,Cline,19710121,U,98765432,some address,123456
Williams3e7260,Allen,Williams,19971109,U,98765432,some address,123456
Floresf68282,Eric,Flores,19820107,U,98765432,some address,123456
Richardsonef158e,Anna,Richardson,19670223,U,98765432,some address,123456
Smith9625b7,Benjamin,Smith,19871223,U,98765432,some address,123456
Gomez876bfa,Taylor,Gomez,19821022,U,98765432,some address,123456
Rodriguez93ac7d,Jeremy,Rodriguez,19780828,U,98765432,some address,123456
Garcia26b559,April,Garcia,19871231,U,98765432,some address,123456
Garza401998,Sharon,Garza,20020830,U,98765432,some address,123456
Sanchez364a71,Lori,Sanchez,19980420,U,98765432,some address,123456
Reed3bc346,Joseph,Reed,19511220,U,98765432,some address,123456
Armstronge2fb83,Jason,Armstrong,19921116,U,98765432,some address,123456
Allison0c21b3,Jessica,Allison,19721030,U,98765432,some address,123456
Hall5eccdc,Arthur,Hall,19940311,U,98765432,some address,123456
Meza5bcfaa,Sherry,Meza,19970409,U,98765432,some address,123456
Turner0303a5,Matthew,Turner,19940707,U,98765432,some address,123456
Bauer18f681,Jeffrey,Bauer,19660813,U,98765432,some address,123456
Randolph76c7ab,Sophia,Randolph,19500807,U,98765432,some address,123456
Matthews2a414f,Marissa,Matthews,19720221,U,98765432,some address,123456
Thompson8382b6,Samuel,Thompson,19840304,U,98765432,some address,123456
Lee76ccec,Zachary,Lee,19870704,U,98765432,some address,123456
Pittman44c4de,Kara,Pittman,19680525,U,98765432,some address,123456
Ruiz1546f4,Charles,Ruiz,19680113,U,98765432,some address,123456
Shaw45468f,Rachel,Shaw,19581223,U,98765432,some address,123456
Millerd11a8a,James,Miller,19710831,U,98765432,some address,123456
Anthonyebd30f,Gabriella,Anthony,19970106,U,98765432,some address,123456
Cantrellb19eba,Misty,Cantrell,19570303,U,98765432,some address,123456
Guerrerod55cbf,Kelly,Guerrero,19970203,U,98765432,some address,123456
Nichols9226a5,David,Nichols,19620819,U,98765432,some address,123456
Galloway1a4d25,Shawn,Galloway,19850419,U,98765432,some address,123456
Salazar88b5fe,Fernando,Salazar,19720419,U,98765432,some address,123456
Sanfordc7e244,Dennis,Sanford,19800806,U,98765432,some address,123456
Murphy0851c1,Amanda,Murphy,20000730,U,98765432,some address,123456
Martin35f44d,Bobby,Martin,20000331,U,98765432,some address,123456
Jones3cea31,Lauren,Jones,19870724,U,98765432,some address,123456
Bishopb05061,Vernon,Bishop,19730710,U,98765432,some address,123456
Meyers2871d7,Phillip,Meyers,19601022,U,98765432,some address,123456
Stricklandc13f06,Jeremy,Strickland,19501223,U,98765432,some address,123456
Martin6f48d8,Robert,Martin,19500718,U,98765432,some address,123456
Davis7d08db,Marc,Davis,19800520,U,98765432,some address,123456
Taylor4fbc55,William,Taylor,19860131,U,98765432,some address,123456
Pierce133dc1,Alyssa,Pierce,19680516,U,98765432,some address,123456
Bradybd4315,Michael,Brady,19500323,U,98765432,some address,123456
Rhodesdf2664,James,Rhodes,19771010,U,98765432,some address,123456
Ramirez5ff322,Ryan,Ramirez,19850425,U,98765432,some address,123456
Thompson52cd0d,Stephen,Thompson,19511112,U,98765432,some address,123456
Williams3b0d4b,Susan,Williams,19761205,U,98765432,some address,123456
Aguilarad5a00,Nancy,Aguilar,19950811,U,98765432,some address,123456
Williamsb78352,Jessica,Williams,19730824,U,98765432,some address,123456
Johnsond53b73,Dylan,Johnson,19960107,U,98765432,some address,123456
King011485,Pamela,King,19930929,U,98765432,some address,123456
Smith634dd6,Robert,Smith,19870424,U,98765432,some address,123456
Gonzalez31e9ac,Samantha,Gonzalez,19980829,U,98765432,some address,123456
Pierce68d7c0,Terry,Pierce,19640910,U,98765432,some address,123456
Walkerba5b70,Jeffery,Walker,19560624,U,98765432,some address,123456
Alvarez7bc5d7,Todd,Alvarez,19741125,U,98765432,some address,123456
Willisd0046a,Brett,Willis,19610908,U,98765432,some address,123456
Klein431630,Louis,Klein,19651220,U,98765432,some address,123456
Wilkins48a0ad,Kristin,Wilkins,20020511,U,98765432,some address,123456
Lynch495159,Joshua,Lynch,19650526,U,98765432,some address,123456
Williamse69d3d,Deborah,Williams,19841121,U,98765432,some address,123456
Martin6cf84a,Timothy,Martin,20030501,U,98765432,some address,123456
Bright776f9a,Sarah,Bright,19981115,U,98765432,some address,123456
Anderson480714,Rebecca,Anderson,19730827,U,98765432,some address,123456
Frost5ba4ad,Roger,Frost,19700217,U,98765432,some address,123456
Dunn8edbeb,Toni,Dunn,19800831,U,98765432,some address,123456
Dunn84e934,Eric,Dunn,19601207,U,98765432,some address,123456
Pierce1096d3,Heather,Pierce,19570813,U,98765432,some address,123456
Erickson6b9844,Jordan,Erickson,19750802,U,98765432,some address,123456
Alif361fb,Susan,Ali,19990105,U,98765432,some address,123456
Wilsonf06267,Richard,Wilson,19990703,U,98765432,some address,123456
Butlera60e8a,Jon,Butler,19870318,U,98765432,some address,123456
Phillips01acdb,Paul,Phillips,19970216,U,98765432,some address,123456
Parker5ebc0a,Adam,Parker,19980722,U,98765432,some address,123456
Walkera21bee,Cory,Walker,19621208,U,98765432,some address,123456
Sanchezcf3c9f,Jeffrey,Sanchez,19950914,U,98765432,some address,123456
Martin7bf566,Bianca,Martin,19780205,U,98765432,some address,123456
King2f8a4c,Jeffrey,King,19770623,U,98765432,some address,123456
Mcdanielab5b4e,Shelly,Mcdaniel,19951028,U,98765432,some address,123456
Wigginsc46e01,Melanie,Wiggins,20000214,U,98765432,some address,123456
Smithe0b77c,Daniel,Smith,19860308,U,98765432,some address,123456
Smith216c57,Christopher,Smith,19810707,U,98765432,some address,123456
Love951978,Marc,Love,19550722,U,98765432,some address,123456
Lawrencefbccd6,Scott,Lawrence,19760104,U,98765432,some address,123456
Sosa840059,James,Sosa,19570811,U,98765432,some address,123456
Jacksonb59430,Jamie,Jackson,19770526,U,98765432,some address,123456
Hatfieldbf691b,Jeffrey,Hatfield,19701014,U,98765432,some address,123456
Phillipsc68d26,James,Phillips,19611019,U,98765432,some address,123456
Moore555b6e,Jessica,Moore,19990905,U,98765432,some address,123456
Peters6955e6,Debra,Peters,19820804,U,98765432,some address,123456
Anderson6c12a8,Richard,Anderson,19700405,U,98765432,some address,123456
Hahn38908a,Lauren,Hahn,19720620,U,98765432,some address,123456
Pereza30c9f,Joseph,Perez,19740909,U,98765432,some address,123456
Edwards96edd8,Faith,Edwards,19770726,U,98765432,some address,123456
Vargasb176f2,Laura,Vargas,19770910,U,98765432,some address,123456
Lewisf236bd,Sarah,Lewis,19810225,U,98765432,some address,123456
Huff88806d,Brad,Huff,19611227,U,98765432,some address,123456
Sancheza15360,Thomas,Sanchez,19570914,U,98765432,some address,123456
Richardsone102e7,Alexander,Richardson,19581025,U,98765432,some address,123456
Moore4788f3,Matthew,Moore,20030707,U,98765432,some address,123456
Howard99bdb6,Joseph,Howard,19520726,U,98765432,some address,123456
Phillips3268fa,Jacqueline,Phillips,19880118,U,98765432,some address,123456
Richardse1b0f7,Anne,Richards,19690609,U,98765432,some address,123456
Thomasa6b2aa,Derek,Thomas,19640724,U,98765432,some address,123456
Bonilla07c60f,Joseph,Bonilla,19740508,U,98765432,some address,123456
Barber8e4483,Gary,Barber,19551112,U,98765432,some address,123456
Johnson01409d,Brian,Johnson,19810617,U,98765432,some address,123456
Petersond30431,Christine,Peterson,19741119,U,98765432,some address,123456
Bautista06ca75,Christopher,Bautista,19940212,U,98765432,some address,123456
Kruegerf41b09,Barbara,Krueger,19520322,U,98765432,some address,123456
Oconnor5d9bea,Monica,Oconnor,19800107,U,98765432,some address,123456
Johnson317e04,Peggy,Johnson,19720328,U,98765432,some address,123456
Herrera2275e5,Susan,Herrera,19550826,U,98765432,some address,123456
Matthews33105e,Andrew,Matthews,19880219,U,98765432,some address,123456
Kennedye1e076,Erin,Kennedy,19650109,U,98765432,some address,123456
Lopezad64b2,Jason,Lopez,19740830,U,98765432,some address,123456
Clark850e22,Jerry,Clark,19950928,U,98765432,some address,123456
Kim616387,Alyssa,Kim,19901108,U,98765432,some address,123456
Williams225d6e,Courtney,Williams,19990919,U,98765432,some address,123456
Haynesd74e4f,Kevin,Haynes,19690624,U,98765432,some address,123456
Hicksc3ab0a,John,Hicks,19530912,U,98765432,some address,123456
Kennedyb93e8a,Eric,Kennedy,19990522,U,98765432,some address,123456
Nelson49b517,Matthew,Nelson,19580127,U,98765432,some address,123456
Glover9a7005,Carolyn,Glover,19790714,U,98765432,some address,123456
Moorebd6b13,Robert,Moore,19550415,U,98765432,some address,123456
Mcgee840079,Nicole,Mcgee,19590303,U,98765432,some address,123456
Hunterc76d06,Danielle,Hunter,19710811,U,98765432,some address,123456
Perez016c79,Kelly,Perez,19600519,U,98765432,some address,123456
Odome87963,Mary,Odom,19630813,U,98765432,some address,123456
II7ade82,Arthur Gibson,II,19610306,U,98765432,some address,123456
Brennanfbe294,Miss Katherine,Brennan,19771113,U,98765432,some address,123456
Miller5a80bf,Christopher,Miller,19850131,U,98765432,some address,123456
Hopkins7c2f6e,Amber,Hopkins,19750831,U,98765432,some address,123456
Lara056220,Christine,Lara,19590103,U,98765432,some address,123456
Garcia76b845,Nancy,Garcia,19680305,U,98765432,some address,123456
Rhodesa5121a,Alex,Rhodes,19780913,U,98765432,some address,123456
Bennett1ed65f,Daniel,Bennett,19730228,U,98765432,some address,123456
Woodard0dee61,Kevin,Woodard,19550809,U,98765432,some address,123456
Wheeler62b5fc,Todd,Wheeler,19960904,U,98765432,some address,123456
Woods5e5f20,Linda,Woods,19611127,U,98765432,some address,123456
Peterson9e7092,Alan,Peterson,19760129,U,98765432,some address,123456
Grant466943,Jacob,Grant,19911204,U,98765432,some address,123456
Johnsonaa25ec,Gabrielle,Johnson,19580610,U,98765432,some address,123456
Howard45839a,Anne,Howard,19690610,U,98765432,some address,123456
Morales0598c7,Caleb,Morales,19660329,U,98765432,some address,123456
Domingueze2663e,James,Dominguez,19881205,U,98765432,some address,123456
Cardenas35ae46,Kathryn,Cardenas,19830508,U,98765432,some address,123456
Santiago5cbec5,Jeffrey,Santiago,19750228,U,98765432,some address,123456
Mclaughlinb2423f,Andrew,Mclaughlin,19730514,U,98765432,some address,123456
Portere9e423,Bryan,Porter,19570214,U,98765432,some address,123456
Smith750a97,Brendan,Smith,19580516,U,98765432,some address,123456
Wilson095400,Amy,Wilson,19740412,U,98765432,some address,123456
Clarkf30a35,David,Clark,19850801,U,98765432,some address,123456
Josephf0dcb2,Erika,Joseph,19810303,U,98765432,some address,123456
Hernandezf32511,Jeffrey,Hernandez,19891231,U,98765432,some address,123456
Miller375ad4,Michael,Miller,19640520,U,98765432,some address,123456
Newman069d11,Theresa,Newman,19941129,U,98765432,some address,123456
Romero7ffdeb,Paul,Romero,19601007,U,98765432,some address,123456
Ramirez04ceb5,Kathleen,Ramirez,19550829,U,98765432,some address,123456
Choie37de9,Janet,Choi,19860718,U,98765432,some address,123456
Benderb8ade0,Mark,Bender,19690911,U,98765432,some address,123456
Brown7bef75,Abigail,Brown,19800810,U,98765432,some address,123456
Dominguez821d78,Antonio,Dominguez,19801115,U,98765432,some address,123456
Morris1057d2,Tony,Morris,19700805,U,98765432,some address,123456
Carlsond8db20,Randy,Carlson,19550530,U,98765432,some address,123456
Pierce7e42c1,Mitchell,Pierce,20010824,U,98765432,some address,123456
West0afbac,Angela,West,19810427,U,98765432,some address,123456
Lyons5c73e9,Sherry,Lyons,19980902,U,98765432,some address,123456
Butlerc810e3,Jennifer,Butler,19511118,U,98765432,some address,123456
Peters4b936e,Kevin,Peters,19670602,U,98765432,some address,123456
Conwayb14b91,Benjamin,Conway,19551228,U,98765432,some address,123456
Mccarty6f29c5,Noah,Mccarty,19650620,U,98765432,some address,123456
Stewartc37651,Andrew,Stewart,19511202,U,98765432,some address,123456
Jonese27fe8,Brenda,Jones,19550804,U,98765432,some address,123456
Shannon6484db,Jerry,Shannon,19510505,U,98765432,some address,123456
Brown755720,Blake,Brown,19570615,U,98765432,some address,123456
Bowers29d221,Michael,Bowers,20020903,U,98765432,some address,123456
Bailey5c8a50,Elizabeth,Bailey,19630101,U,98765432,some address,123456
Cruza17c60,James,Cruz,19500730,U,98765432,some address,123456
Levy1b7392,Kelly,Levy,19940805,U,98765432,some address,123456
Burtone624b3,Thomas,Burton,19750419,U,98765432,some address,123456
Garciaea09c3,Kimberly,Garcia,19630801,U,98765432,some address,123456
Petersonc41f42,Paul,Peterson,20021225,U,98765432,some address,123456
Reilly1c829c,Michael,Reilly,19720514,U,98765432,some address,123456
Martinezd6f6b2,Alejandra,Martinez,19791221,U,98765432,some address,123456
Sanderse813fc,Timothy,Sanders,19521003,U,98765432,some address,123456
Little9b0c82,Latoya,Little,19780708,U,98765432,some address,123456
Harvey119d2d,Sarah,Harvey,19600331,U,98765432,some address,123456
Hansendf29c3,Aaron,Hansen,19980128,U,98765432,some address,123456
Ortiz84be03,Melissa,Ortiz,19580729,U,98765432,some address,123456
Hernandezbcb5b4,Brooke,Hernandez,19911114,U,98765432,some address,123456
Livingston192958,Lisa,Livingston,19500423,U,98765432,some address,123456
Mason6bc9ba,Eugene,Mason,19781213,U,98765432,some address,123456
Cunningham12799d,Daniel,Cunningham,19730326,U,98765432,some address,123456
Smith894dd6,Alex,Smith,20020503,U,98765432,some address,123456
Jennings18c5d8,Charles,Jennings,19750714,U,98765432,some address,123456
Vargased53f1,Jessica,Vargas,19810517,U,98765432,some address,123456
Clark92a9e6,Olivia,Clark,19741001,U,98765432,some address,123456
Allen3a5186,Ricky,Allen,19610619,U,98765432,some address,123456
Carney0d73a5,Cathy,Carney,19970522,U,98765432,some address,123456
Spencerc60e69,Ashley,Spencer,19910126,U,98765432,some address,123456
Stricklandc68d2c,Victoria,Strickland,19530730,U,98765432,some address,123456
Smith5b12ee,Patrick,Smith,19720129,U,98765432,some address,123456
West15f40d,Samuel,West,20020627,U,98765432,some address,123456
Baldwinb34397,Haley,Baldwin,19650413,U,98765432,some address,123456
Wilson51998e,Alexander,Wilson,19881111,U,98765432,some address,123456
Cole2b0a2b,April,Cole,19610622,U,98765432,some address,123456
Riley3e1f80,Holly,Riley,19740728,U,98765432,some address,123456
Poole23f281,Jeffrey,Poole,19570204,U,98765432,some address,123456
Poole46b07d,Rachel,Poole,19760807,U,98765432,some address,123456
Ward57d0cf,Sheena,Ward,19730926,U,98765432,some address,123456
Smith8477eb,Cynthia,Smith,19510509,U,98765432,some address,123456
Clayton6ad7dd,Kevin,Clayton,19750807,U,98765432,some address,123456
Smith774d50,Deanna,Smith,19510416,U,98765432,some address,123456
Colemandb2598,Sarah,Coleman,19500119,U,98765432,some address,123456
Butler198208,Kurt,Butler,19640621,U,98765432,some address,123456
Beckerdd3177,Cody,Becker,19601216,U,98765432,some address,123456
Millerd8bf5f,Miss Molly,Miller,19770511,U,98765432,some address,123456
Baileyfac5da,Craig,Bailey,19970713,U,98765432,some address,123456
Gray00c0a7,Patricia,Gray,19660319,U,98765432,some address,123456
DVM6a7ce7,Robert Rivera,DVM,19500722,U,98765432,some address,123456
Lewisafe1c4,Miss Michelle,Lewis,19830121,U,98765432,some address,123456
Owens4cd378,John,Owens,19670424,U,98765432,some address,123456
Smith313dd8,Sarah,Smith,19680804,U,98765432,some address,123456
Lucasb2c401,Nancy,Lucas,19830607,U,98765432,some address,123456
Murraya46c72,Christina,Murray,19791217,U,98765432,some address,123456
Berryc02ad7,Emma,Berry,19940107,U,98765432,some address,123456
Gross2742d7,Christopher,Gross,20031114,U,98765432,some address,123456
Hawkins8aa4f2,Jason,Hawkins,19541001,U,98765432,some address,123456
Rodriguez84bf31,Jeffrey,Rodriguez,19690718,U,98765432,some address,123456
Miller84bb3b,Christina,Miller,19530425,U,98765432,some address,123456
Miller208dd6,Maria,Miller,19941221,U,98765432,some address,123456
Davis3a81fe,Eileen,Davis,19520404,U,98765432,some address,123456
Kelley336bac,John,Kelley,19960928,U,98765432,some address,123456
Miller4e2a7e,Harry,Miller,19890613,U,98765432,some address,123456
Montes29eaae,Ellen,Montes,19610714,U,98765432,some address,123456
Mclean3b78d3,Gregory,Mclean,19610801,U,98765432,some address,123456
Spencer071ed5,Angela,Spencer,19980502,U,98765432,some address,123456
Price352385,Christina,Price,19860805,U,98765432,some address,123456
Morris05ed3b,Michael,Morris,19790924,U,98765432,some address,123456
Randallfe7f8d,Amber,Randall,19520910,U,98765432,some address,123456
Morrisf96575,Matthew,Morris,19981111,U,98765432,some address,123456
Blackburn0c5fb5,Cindy,Blackburn,20001008,U,98765432,some address,123456
Jacobson496c26,Matthew,Jacobson,19510412,U,98765432,some address,123456
Jonesc6f5dd,Stacy,Jones,19940909,U,98765432,some address,123456
Zimmerman881d6b,Scott,Zimmerman,19560130,U,98765432,some address,123456
Silva80f7f9,Dakota,Silva,19791007,U,98765432,some address,123456
Spencerd5b01e,Jacob,Spencer,19620226,U,98765432,some address,123456
Hudson9d6709,Barbara,Hudson,19971028,U,98765432,some address,123456
Petersonc30b89,Sherry,Peterson,19691126,U,98765432,some address,123456
Bird868530,Austin,Bird,19760515,U,98765432,some address,123456
Oliver94edc0,Matthew,Oliver,19720423,U,98765432,some address,123456
Maddox6974f9,Roger,Maddox,19810426,U,98765432,some address,123456
Higginsbc84fd,Kristin,Higgins,19981219,U,98765432,some address,123456
Johnsone0381c,Gilbert,Johnson,19850923,U,98765432,some address,123456
Gutierrezc61e82,Bryan,Gutierrez,19881118,U,98765432,some address,123456
Schultz5fff49,Peter,Schultz,19570829,U,98765432,some address,123456
Smith473c49,Karen,Smith,19630505,U,98765432,some address,123456
Burkeea689e,Justin,Burke,19961202,U,98765432,some address,123456
Ramsey4c3e8c,Sarah,Ramsey,19640622,U,98765432,some address,123456
Change27c88,Michael,Chang,19900209,U,98765432,some address,123456
Hughesbf91b3,Pamela,Hughes,19570116,U,98765432,some address,123456
Morris25892d,Jimmy,Morris,19640120,U,98765432,some address,123456
Romeroe57501,Lauren,Romero,20020425,U,98765432,some address,123456
Jones2b07e3,Adam,Jones,19570107,U,98765432,some address,123456
Kiddad9627,Michelle,Kidd,19500222,U,98765432,some address,123456
Murphy5dc4ee,Matthew,Murphy,19600216,U,98765432,some address,123456
Arroyoa6982e,Jessica,Arroyo,20021019,U,98765432,some address,123456
Zunigaa2d94d,Caleb,Zuniga,19681028,U,98765432,some address,123456
Waltondc1473,Kenneth,Walton,19950309,U,98765432,some address,123456
Moreno8048c1,Cheyenne,Moreno,19600912,U,98765432,some address,123456
Lopez93fe37,Courtney,Lopez,19710810,U,98765432,some address,123456
Williamsonb834cd,Kenneth,Williamson,19541003,U,98765432,some address,123456
Armstronge8b45f,William,Armstrong,19641118,U,98765432,some address,123456
Browning1f631d,Bruce,Browning,19631113,U,98765432,some address,123456
Gilbertcba398,Shannon,Gilbert,19920613,U,98765432,some address,123456
Browncde998,Amanda,Brown,19541218,U,98765432,some address,123456
Mitchell31c89c,Pedro,Mitchell,19610927,U,98765432,some address,123456
Gomez010a6a,Riley,Gomez,19810211,U,98765432,some address,123456
Pricee8f961,Shelby,Price,19860807,U,98765432,some address,123456
Harrisfc2221,Scott,Harris,19901214,U,98765432,some address,123456
Franklinf8d94a,Bonnie,Franklin,19880714,U,98765432,some address,123456
Morris73a97c,Ashley,Morris,20021001,U,98765432,some address,123456
Stark919457,Christopher,Stark,19710307,U,98765432,some address,123456
Johnson8fef3a,Vanessa,Johnson,19601019,U,98765432,some address,123456
Jensen676e24,Jack,Jensen,19601229,U,98765432,some address,123456
Armstrongf79a4f,Daniel,Armstrong,19820714,U,98765432,some address,123456
Donovan6c6194,Susan,Donovan,19690130,U,98765432,some address,123456
Serrano1ec7eb,Michael,Serrano,19820711,U,98765432,some address,123456
Powell4f74de,Michael,Powell,19941127,U,98765432,some address,123456
Lowe73be1b,Alexander,Lowe,19610508,U,98765432,some address,123456
Vega919457,Jennifer,Vega,19710307,U,98765432,some address,123456
Wilson6845cf,Aaron,Wilson,19870517,U,98765432,some address,123456
Leed3d5c7,Samuel,Lee,19740902,U,98765432,some address,123456
Weaverfeb810,Jennifer,Weaver,19781015,U,98765432,some address,123456
Ortega17e397,Timothy,Ortega,19980104,U,98765432,some address,123456
Hamiltonf22761,Leonard,Hamilton,19880229,U,98765432,some address,123456
Phillips608c96,Kathy,Phillips,19841216,U,98765432,some address,123456
Simmonscd946d,Danny,Simmons,19631013,U,98765432,some address,123456
Jimenez5ed59d,Jennifer,Jimenez,19921121,U,98765432,some address,123456
Lopez7b6211,Penny,Lopez,19540925,U,98765432,some address,123456
Lawsonc755df,Victoria,Lawson,19541204,U,98765432,some address,123456
Martinezbc0fc2,Michael,Martinez,19521107,U,98765432,some address,123456
Sullivan614951,Samantha,Sullivan,19600423,U,98765432,some address,123456
Jonesf903f1,Paul,Jones,19940215,U,98765432,some address,123456
Tran40aaaf,Danielle,Tran,19880826,U,98765432,some address,123456
Freeman35a3d8,Jeff,Freeman,20030520,U,98765432,some address,123456
Jonescdd9ff,Marissa,Jones,19580806,U,98765432,some address,123456
Roy57ef7b,Elijah,Roy,19870705,U,98765432,some address,123456
Simpson7383f7,Courtney,Simpson,19731103,U,98765432,some address,123456
Hopkins56d128,Kimberly,Hopkins,19931022,U,98765432,some address,123456
King4ae334,William,King,19841115,U,98765432,some address,123456
Robertsonc09d46,Stephanie,Robertson,20020805,U,98765432,some address,123456
Hillbd6ccb,Rickey,Hill,19640430,U,98765432,some address,123456
Stewart40f40c,Erika,Stewart,19851226,U,98765432,some address,123456
Allenc7f068,Gregory,Allen,19780122,U,98765432,some address,123456
Johnson5dcd5e,Christina,Johnson,20010622,U,98765432,some address,123456
Wells5c2c04,Kelli,Wells,19540308,U,98765432,some address,123456
Archerc62326,Nathan,Archer,19560723,U,98765432,some address,123456
Kline6fe75a,Michael,Kline,19650623,U,98765432,some address,123456
Rodriguez1eec66,Joshua,Rodriguez,19530317,U,98765432,some address,123456
Rodrigueza7ea38,James,Rodriguez,19810717,U,98765432,some address,123456
Ortega7f6475,Robert,Ortega,19600316,U,98765432,some address,123456
Ruize89dfb,Teresa,Ruiz,19510904,U,98765432,some address,123456
Mejia10b0a0,Madison,Mejia,19530323,U,98765432,some address,123456
Baileyb3b3be,James,Bailey,19861007,U,98765432,some address,123456
Perrye86258,Mary,Perry,19730808,U,98765432,some address,123456
Jones85733a,Crystal,Jones,19620914,U,98765432,some address,123456
Brown9035e0,Aaron,Brown,19860502,U,98765432,some address,123456
Contreras91010f,Brian,Contreras,19650708,U,98765432,some address,123456
Barajasc09f89,Tanya,Barajas,19740430,U,98765432,some address,123456
Frostddfa15,Ashley,Frost,19521020,U,98765432,some address,123456
Rasmussen0fcc4a,Samantha,Rasmussen,19940621,U,98765432,some address,123456
Weberb31655,Erica,Weber,19930809,U,98765432,some address,123456
Campbellfe47b1,Amanda,Campbell,19810324,U,98765432,some address,123456
Martin927136,Vincent,Martin,19840124,U,98765432,some address,123456
Crawforda2a35b,Tony,Crawford,19870818,U,98765432,some address,123456
Sullivan7d828c,Randy,Sullivan,19611025,U,98765432,some address,123456
Thompson77cc83,Kimberly,Thompson,20001211,U,98765432,some address,123456
Hopkinscfbfaf,William,Hopkins,20010104,U,98765432,some address,123456
Compton395a9e,Martin,Compton,19840602,U,98765432,some address,123456
Gross9a287c,Anthony,Gross,19660423,U,98765432,some address,123456
Brown8baf8f,Tracy,Brown,19720823,U,98765432,some address,123456
Stanleya95cd9,James,Stanley,20011008,U,98765432,some address,123456
Jenkinse55376,Norma,Jenkins,19570323,U,98765432,some address,123456
Prestond09229,Leslie,Preston,19720510,U,98765432,some address,123456
Valdezddc447,Crystal,Valdez,20030802,U,98765432,some address,123456
Parker311d63,Jay,Parker,19930930,U,98765432,some address,123456
Williams44d674,Lance,Williams,19730807,U,98765432,some address,123456
Taylor10cf54,Carl,Taylor,19750112,U,98765432,some address,123456
Dean33bccb,Brenda,Dean,19690215,U,98765432,some address,123456
Allenb02ca6,Kathleen,Allen,19860113,U,98765432,some address,123456
Olsen98e22b,Patricia,Olsen,19981124,U,98765432,some address,123456
Lamb5dc6d5,Marie,Lamb,19790410,U,98765432,some address,123456
Floresa43fb7,Nathan,Flores,19790409,U,98765432,some address,123456
Caldwellaa013e,Ashley,Caldwell,19880903,U,98765432,some address,123456
Frank97c934,David,Frank,19680928,U,98765432,some address,123456
Boyleb1a106,Heather,Boyle,20030301,U,98765432,some address,123456
Martincaab29,Renee,Martin,19810421,U,98765432,some address,123456
Parker0793ea,Keith,Parker,19640826,U,98765432,some address,123456
Blakeed1550,Ernest,Blake,19990621,U,98765432,some address,123456
Levybef91e,Melissa,Levy,19500330,U,98765432,some address,123456
Powellfe4b65,Brandon,Powell,19760606,U,98765432,some address,123456
Holloway485d06,Lisa,Holloway,19720102,U,98765432,some address,123456
Stone1d9aa4,Kimberly,Stone,19940512,U,98765432,some address,123456
Jones575ba2,Adam,Jones,19730316,U,98765432,some address,123456
Tucker0eb60d,Richard,Tucker,19710625,U,98765432,some address,123456
Andersen610666,Elizabeth,Andersen,19740123,U,98765432,some address,123456
Lutz3427fd,Destiny,Lutz,19940412,U,98765432,some address,123456
Allen54dd15,Brandy,Allen,19810113,U,98765432,some address,123456
Decker0c2cab,Stephanie,Decker,19770905,U,98765432,some address,123456
Keller800656,Michelle,Keller,19510607,U,98765432,some address,123456
Yates0613f5,Stacey,Yates,19921208,U,98765432,some address,123456
Leef9df7b,Sue,Lee,19860829,U,98765432,some address,123456
Long850abd,Anna,Long,19740316,U,98765432,some address,123456
Watson6dc0c1,Annette,Watson,19580423,U,98765432,some address,123456
Perez6ff111,Robert,Perez,19690528,U,98765432,some address,123456
Thomas6cc50d,James,Thomas,19520509,U,98765432,some address,123456
Olson50aa76,Kelli,Olson,19960723,U,98765432,some address,123456
Reid1bdd4e,Becky,Reid,19751027,U,98765432,some address,123456
Shawafe1c4,Wesley,Shaw,19830121,U,98765432,some address,123456
Boyd94bd78,Pamela,Boyd,19680628,U,98765432,some address,123456
Lewis644d94,Jeremy,Lewis,19530107,U,98765432,some address,123456
Garzabe6d15,Jennifer,Garza,19890603,U,98765432,some address,123456
Wilson0ce7d7,Larry,Wilson,19670221,U,98765432,some address,123456
Thompson9e0583,Joshua,Thompson,19840830,U,98765432,some address,123456
Williams874b3e,Dennis,Williams,19661107,U,98765432,some address,123456
Mortone4bde6,Karen,Morton,19910410,U,98765432,some address,123456
Perryb530f3,Joseph,Perry,19510616,U,98765432,some address,123456
Herman0ab62b,Heather,Herman,19710606,U,98765432,some address,123456
Lopezea3475,Laura,Lopez,19901221,U,98765432,some address,123456
Webb5b6934,Joel,Webb,19891009,U,98765432,some address,123456
Malone73ad1c,Donna,Malone,19521007,U,98765432,some address,123456
Barnesf462cf,Reginald,Barnes,19730214,U,98765432,some address,123456
House3cb134,Brett,House,19841126,U,98765432,some address,123456
Weaver201e16,Robert,Weaver,19820218,U,98765432,some address,123456
Martinez204f4d,Beth,Martinez,19681225,U,98765432,some address,123456
Small09b680,Nicole,Small,19570414,U,98765432,some address,123456
Clined04f7b,Anthony,Cline,19890125,U,98765432,some address,123456
Ware0b5e6e,Spencer,Ware,19801009,U,98765432,some address,123456
Erickson3df9d8,Willie,Erickson,19910110,U,98765432,some address,123456
Nguyen6a5e70,Daniel,Nguyen,19590903,U,98765432,some address,123456
Brown1d91b6,Tiffany,Brown,20030217,U,98765432,some address,123456
Martinez7564a0,Leonard,Martinez,19560922,U,98765432,some address,123456
Forbes60d809,Thomas,Forbes,19591023,U,98765432,some address,123456
Stephens5a6e3d,Robert,Stephens,20000619,U,98765432,some address,123456
Mayod6f2e8,Kevin,Mayo,19761029,U,98765432,some address,123456
Chen7d3b15,Daniel,Chen,19520716,U,98765432,some address,123456
Dalton32ce48,Samuel,Dalton,19960916,U,98765432,some address,123456
Bennettdcbc8e,Heather,Bennett,20020105,U,98765432,some address,123456
King89592d,Joshua,King,20000106,U,98765432,some address,123456
Moyer839f37,Randy,Moyer,20030617,U,98765432,some address,123456
Blakee7660c,Crystal,Blake,19701117,U,98765432,some address,123456
Combs2d19f0,Heather,Combs,19590428,U,98765432,some address,123456
Evans62a52d,Amanda,Evans,19590224,U,98765432,some address,123456
Day69b708,Sergio,Day,19510531,U,98765432,some address,123456
Boyd9e514e,Julie,Boyd,19690906,U,98765432,some address,123456
Barnesbc727b,Tara,Barnes,19540801,U,98765432,some address,123456
Watkinsc99644,Logan,Watkins,20000511,U,98765432,some address,123456
Ortizc84c21,Steven,Ortiz,19670605,U,98765432,some address,123456
Marquez7aa36b,Lisa,Marquez,19710326,U,98765432,some address,123456
Hughes0c3d29,Sergio,Hughes,19810309,U,98765432,some address,123456
Rojas1f285c,Destiny,Rojas,19860121,U,98765432,some address,123456
Lewis07faff,Danny,Lewis,19521225,U,98765432,some address,123456
Martin823815,Jennifer,Martin,19830527,U,98765432,some address,123456
Chandler4ab754,Arthur,Chandler,19610210,U,98765432,some address,123456
Crosby9b4b3c,Cheryl,Crosby,19580930,U,98765432,some address,123456
Hudson01af18,Ronald,Hudson,19511003,U,98765432,some address,123456
Leed79994,Jennifer,Lee,19500104,U,98765432,some address,123456
Yoder701081,Gregory,Yoder,19530620,U,98765432,some address,123456
Harmon695981,Carolyn,Harmon,19980124,U,98765432,some address,123456
Harrell7257b7,Christopher,Harrell,19700630,U,98765432,some address,123456
Johnsona67f31,Kevin,Johnson,19930802,U,98765432,some address,123456
Harrison087c81,Michael,Harrison,19510819,U,98765432,some address,123456
Moorec62aad,Terry,Moore,19870615,U,98765432,some address,123456
Rogers656af4,James,Rogers,19930704,U,98765432,some address,123456
Tranb0eca9,Kathleen,Tran,19740211,U,98765432,some address,123456
Conwayae4271,Jacqueline,Conway,19710617,U,98765432,some address,123456
Clark350612,Chad,Clark,19610919,U,98765432,some address,123456
Cole92aa4e,Maxwell,Cole,19510203,U,98765432,some address,123456
Williamson2b72ad,Bethany,Williamson,19540310,U,98765432,some address,123456
Wrightf1b731,Joseph,Wright,19570521,U,98765432,some address,123456
Rogers3818bf,Thomas,Rogers,19970819,U,98765432,some address,123456
Lewis11948d,Jenny,Lewis,19970706,U,98765432,some address,123456
Bolton06e0a4,Heidi,Bolton,19560616,U,98765432,some address,123456
Lewise0082d,Daniel,Lewis,19770205,U,98765432,some address,123456
Ramirez63293d,Dale,Ramirez,19550323,U,98765432,some address,123456
Sharp7f0b37,Carol,Sharp,19750312,U,98765432,some address,123456
Buck542b91,Joseph,Buck,19520311,U,98765432,some address,123456
Anderson542fb5,Lynn,Anderson,19960113,U,98765432,some address,123456
Andrewsbbb39d,Emily,Andrews,19550427,U,98765432,some address,123456
Harris526cae,Sarah,Harris,20010530,U,98765432,some address,123456
Owens620f19,Victor,Owens,19960815,U,98765432,some address,123456
Koch439718,Kimberly,Koch,19870125,U,98765432,some address,123456
Obrien00e34d,Allison,Obrien,19620423,U,98765432,some address,123456
Rogers160f63,John,Rogers,19710905,U,98765432,some address,123456
Bailey13f67b,Laura,Bailey,19700811,U,98765432,some address,123456
Collins120bd8,Janet,Collins,19840721,U,98765432,some address,123456
Lawsoncbf97e,Kristin,Lawson,19760111,U,98765432,some address,123456
Castaneda7660ad,James,Castaneda,19640126,U,98765432,some address,123456
Middleton02dfcc,Michael,Middleton,19810804,U,98765432,some address,123456
Ortiz66abd6,Robert,Ortiz,19761108,U,98765432,some address,123456
Harper709ac1,Connie,Harper,19950627,U,98765432,some address,123456
Burnsf2b3af,Debbie,Burns,19830806,U,98765432,some address,123456
Prestonb6298b,Gabriel,Preston,19961120,U,98765432,some address,123456
Hodges0c95aa,Steven,Hodges,19510903,U,98765432,some address,123456
Orozco02d2bd,Brandon,Orozco,19870717,U,98765432,some address,123456
Nguyen6f5461,Kari,Nguyen,19991119,U,98765432,some address,123456
Hill2c87a6,Brittany,Hill,19870605,U,98765432,some address,123456
Martineza7c339,Carrie,Martinez,19740124,U,98765432,some address,123456
Hille24f9e,Jeffery,Hill,19591223,U,98765432,some address,123456
Whitee99606,Linda,White,19751015,U,98765432,some address,123456
Spencerc21d73,Jake,Spencer,20020509,U,98765432,some address,123456
Chanf9d1ec,Joseph,Chan,19660922,U,98765432,some address,123456
Dominguez401336,Sara,Dominguez,19860220,U,98765432,some address,123456
Alia27465,Kathleen,Ali,19960602,U,98765432,some address,123456
Stephensbaaae3,Danielle,Stephens,19610929,U,98765432,some address,123456
Wolfdbc295,Ann,Wolf,19801112,U,98765432,some address,123456
Schaeferac7f3e,Brianna,Schaefer,19761203,U,98765432,some address,123456
Morris9ba0c6,Angela,Morris,19760702,U,98765432,some address,123456
Kelleyf31014,Cristian,Kelley,19510108,U,98765432,some address,123456
Turnera2281a,Jeffrey,Turner,19840112,U,98765432,some address,123456
Perry1c3c64,Jesse,Perry,19691013,U,98765432,some address,123456
Cruz7bf566,Ricardo,Cruz,19780205,U,98765432,some address,123456
Smith69b708,Jessica,Smith,19510531,U,98765432,some address,123456
Longf0fcab,Brenda,Long,19510914,U,98765432,some address,123456
Taylor757b69,Megan,Taylor,19930510,U,98765432,some address,123456
Morales3cabc1,Kelly,Morales,19800227,U,98765432,some address,123456
Johnson5c5943,Sheri,Johnson,19880422,U,98765432,some address,123456
Pacheco7ccf5c,Lori,Pacheco,19620630,U,98765432,some address,123456
Schmidtbe25c3,Sandra,Schmidt,19590711,U,98765432,some address,123456
Hill2b641d,Rachel,Hill,19541202,U,98765432,some address,123456
Case1fe51a,Emily,Case,19850508,U,98765432,some address,123456
Alvarezaf3210,Seth,Alvarez,19800108,U,98765432,some address,123456
Reyes0a636d,Jose,Reyes,19700929,U,98765432,some address,123456
Le44e841,Zachary,Le,19851028,U,98765432,some address,123456
Anthony91ec3d,Rhonda,Anthony,19740915,U,98765432,some address,123456
Hill0d4d98,Joseph,Hill,20020923,U,98765432,some address,123456
Davisdbcb2f,Erin,Davis,19600917,U,98765432,some address,123456
Brown1ebf83,Lucas,Brown,19891101,U,98765432,some address,123456
Garcia72e9b2,William,Garcia,19850912,U,98765432,some address,123456
Swansonb3ea59,Lauren,Swanson,19610921,U,98765432,some address,123456
Frank4dfb90,John,Frank,19500519,U,98765432,some address,123456
Perryd9da10,Tony,Perry,19730910,U,98765432,some address,123456
Schmidt54bf24,Nicole,Schmidt,19651109,U,98765432,some address,123456
Gray15cd60,Nathan,Gray,19960618,U,98765432,some address,123456
Delgadof68ba9,Nichole,Delgado,19720305,U,98765432,some address,123456
Ford367013,Raven,Ford,19960213,U,98765432,some address,123456
Rodriguez3a35bc,Marcus,Rodriguez,19690511,U,98765432,some address,123456
Grimes2efc51,Daniel,Grimes,19821126,U,98765432,some address,123456
Solomon23bae2,Samuel,Solomon,19871230,U,98765432,some address,123456
Miller5c2c04,Katrina,Miller,19540308,U,98765432,some address,123456
Conner719707,Raymond,Conner,19970128,U,98765432,some address,123456
Garcia14ae78,Cory,Garcia,19550202,U,98765432,some address,123456
Fuller9068b7,Lori,Fuller,19680101,U,98765432,some address,123456
Wilsonda57e4,Corey,Wilson,19531011,U,98765432,some address,123456
Dominguezdb12a6,Denise,Dominguez,19660628,U,98765432,some address,123456
Jamese7a3a7,Holly,James,19641104,U,98765432,some address,123456
Mccartya4b9de,Alicia,Mccarty,19820916,U,98765432,some address,123456
Christian90eb36,Zoe,Christian,19990319,U,98765432,some address,123456
Watson61db68,Nicholas,Watson,19620403,U,98765432,some address,123456
Ruiz956d35,Shirley,Ruiz,19720812,U,98765432,some address,123456
Wood67f271,Victoria,Wood,19910622,U,98765432,some address,123456
Knight10192a,Jillian,Knight,19881108,U,98765432,some address,123456
Fisher277033,Ryan,Fisher,19871030,U,98765432,some address,123456
Howea7c946,Stephanie,Howe,19630905,U,98765432,some address,123456
Kimc0e4a8,Kenneth,Kim,19990505,U,98765432,some address,123456
Maciasa41162,Andrew,Macias,19661013,U,98765432,some address,123456
Jackson89ce69,Lisa,Jackson,19730114,U,98765432,some address,123456
Huffmanfb25a2,Elizabeth,Huffman,19580918,U,98765432,some address,123456
Stone9ab9f8,Christina,Stone,19930320,U,98765432,some address,123456
Mata53cfc3,Miranda,Mata,19930124,U,98765432,some address,123456
Merritt696fdb,Alexander,Merritt,19800913,U,98765432,some address,123456
Alexander124381,Austin,Alexander,19950418,U,98765432,some address,123456
Sanderse9c2f8,Kelly,Sanders,19520413,U,98765432,some address,123456
Jonesfae51f,Matthew,Jones,20000615,U,98765432,some address,123456
Juarezab899b,Donna,Juarez,19550612,U,98765432,some address,123456
David39e9f8,Sarah,David,19981216,U,98765432,some address,123456
Barajas62836c,Carmen,Barajas,19810526,U,98765432,some address,123456
Johnson5dcbaa,Angela,Johnson,19840827,U,98765432,some address,123456
Sparksa67f31,Melissa,Sparks,19930802,U,98765432,some address,123456
Serranoc59d5c,Rebecca,Serrano,19650726,U,98765432,some address,123456
Hille971ed,Katherine,Hill,19830918,U,98765432,some address,123456
Hart3b2649,Kristin,Hart,19661217,U,98765432,some address,123456
Ho735510,Jacqueline,Ho,19610131,U,98765432,some address,123456
Rodriguezc3743a,Tyler,Rodriguez,19691123,U,98765432,some address,123456
Knighte66abd,Michael,Knight,19870408,U,98765432,some address,123456
Arroyo440224,Heather,Arroyo,19790709,U,98765432,some address,123456
Larson067142,Lori,Larson,19630807,U,98765432,some address,123456
Lopezb6ee88,Lindsay,Lopez,19820123,U,98765432,some address,123456
Vazquez13d09f,David,Vazquez,19900612,U,98765432,some address,123456
Salazarcf1ae7,Karen,Salazar,19950502,U,98765432,some address,123456
Hicks5e5f20,Sherry,Hicks,19611127,U,98765432,some address,123456
Davila1977b8,Sarah,Davila,19790906,U,98765432,some address,123456
Oneill7278cc,Karen,Oneill,19921004,U,98765432,some address,123456
Millsf511aa,Nicholas,Mills,19631001,U,98765432,some address,123456
Hulld01176,Kim,Hull,20030619,U,98765432,some address,123456
Montgomery1a3346,Jennifer,Montgomery,19710715,U,98765432,some address,123456
Bailey13beba,Cynthia,Bailey,19790825,U,98765432,some address,123456
Wrightfefcf4,John,Wright,19831019,U,98765432,some address,123456
Millerd66763,Kelsey,Miller,19781107,U,98765432,some address,123456
Brown565a73,Sheila,Brown,19821128,U,98765432,some address,123456
Moorea6529a,Lisa,Moore,19941119,U,98765432,some address,123456
Haynesdd4dab,Brianna,Haynes,19980401,U,98765432,some address,123456
Newman15a276,Julian,Newman,19580313,U,98765432,some address,123456
Fergusonfb4589,Thomas,Ferguson,19591213,U,98765432,some address,123456
Swanson0be9cc,David,Swanson,20021220,U,98765432,some address,123456
Dyer7b5ce8,Kathryn,Dyer,19591210,U,98765432,some address,123456
Rodrigueza9b997,Lauren,Rodriguez,19931016,U,98765432,some address,123456
Rodriguezf13032,Jeffrey,Rodriguez,19900331,U,98765432,some address,123456
Anderson7118fe,Richard,Anderson,19580607,U,98765432,some address,123456
Huynh1735e5,Andrea,Huynh,19890929,U,98765432,some address,123456
Allen013af3,Brian,Allen,19560101,U,98765432,some address,123456
Peck723a26,Jacqueline,Peck,19590210,U,98765432,some address,123456
Lee7f12ff,Jessica,Lee,19670124,U,98765432,some address,123456
Allen7a4f23,Martin,Allen,20020924,U,98765432,some address,123456
Mcdaniel500617,Jason,Mcdaniel,19650403,U,98765432,some address,123456
Mitchell06d3f9,Angela,Mitchell,19690105,U,98765432,some address,123456
Sanchez9f2667,Derrick,Sanchez,19700424,U,98765432,some address,123456
Ellisb9ff03,Christine,Ellis,19980617,U,98765432,some address,123456
Salinas8ad1c3,Alyssa,Salinas,19980710,U,98765432,some address,123456
Walsh8cd295,Kevin,Walsh,19920805,U,98765432,some address,123456
Danielsc934da,Stuart,Daniels,20020317,U,98765432,some address,123456
Knoxd64ed8,Kenneth,Knox,19990626,U,98765432,some address,123456
Mitchell1bdd4e,Steve,Mitchell,19751027,U,98765432,some address,123456
Hendricksa352c8,Craig,Hendricks,19951018,U,98765432,some address,123456
Kerra02d82,Ricky,Kerr,19510625,U,98765432,some address,123456
Aguilard36615,Gloria,Aguilar,19690606,U,98765432,some address,123456
Hall0bc149,Gerald,Hall,19711007,U,98765432,some address,123456
Knight7e064e,Alexander,Knight,19740812,U,98765432,some address,123456
Cross36c08a,Joseph,Cross,19530126,U,98765432,some address,123456
Myers1466d1,Joel,Myers,19720920,U,98765432,some address,123456
Mckee92c0ea,Michael,Mckee,20000917,U,98765432,some address,123456
Parka639e6,Roy,Park,19551029,U,98765432,some address,123456
Castro49d900,Jonathan,Castro,19700409,U,98765432,some address,123456
Carroll783912,Richard,Carroll,19610526,U,98765432,some address,123456
Fletchere6fffc,Michelle,Fletcher,19831024,U,98765432,some address,123456
Murphyecd95e,Carol,Murphy,19640317,U,98765432,some address,123456
Russell203e49,Michael,Russell,19680308,U,98765432,some address,123456
Andrews776f9a,Shawna,Andrews,19981115,U,98765432,some address,123456
Hernandez3d7b1b,Dana,Hernandez,19940126,U,98765432,some address,123456
Harrise20bdc,Lauren,Harris,19780811,U,98765432,some address,123456
Morales867f3f,Sean,Morales,20030920,U,98765432,some address,123456
Dennis14df34,Andrea,Dennis,19570926,U,98765432,some address,123456
Mendozafa60de,John,Mendoza,19850519,U,98765432,some address,123456
Kruegerb37c9c,Jeremy,Krueger,19830715,U,98765432,some address,123456
Mcdaniel4de3f7,Sierra,Mcdaniel,20030713,U,98765432,some address,123456
Smith85c0b7,Wendy,Smith,19700128,U,98765432,some address,123456
Diaz0bd1dc,Leslie,Diaz,19570430,U,98765432,some address,123456
Snyderd3f05c,Grant,Snyder,19731031,U,98765432,some address,123456
Jenkins27fe61,Brandi,Jenkins,19651228,U,98765432,some address,123456
Haynes18bc27,Amy,Haynes,19600314,U,98765432,some address,123456
Robertsd606a5,John,Roberts,19540315,U,98765432,some address,123456
Nelsonfde1dd,Carrie,Nelson,19510609,U,98765432,some address,123456
Hoodbb6b93,Jacob,Hood,19560208,U,98765432,some address,123456
Charles024858,Tracy,Charles,19931108,U,98765432,some address,123456
Miller28ba0a,Heather,Miller,19530128,U,98765432,some address,123456
Johnson8eba47,Brandon,Johnson,19851003,U,98765432,some address,123456
Cooka5121a,Kevin,Cook,19780913,U,98765432,some address,123456
Lane24958c,Derrick,Lane,19890916,U,98765432,some address,123456
Nelsonf7fc33,Wendy,Nelson,19650108,U,98765432,some address,123456
Ramsey843ef9,Jasmine,Ramsey,19500407,U,98765432,some address,123456
Beltranb42ac8,William,Beltran,19850313,U,98765432,some address,123456
Jefferson841277,Albert,Jefferson,19841117,U,98765432,some address,123456
Ferguson8004f3,Jessica,Ferguson,19670129,U,98765432,some address,123456
Stuart42d02b,Gerald,Stuart,19950810,U,98765432,some address,123456
Vaughan400569,Jacob,Vaughan,19830908,U,98765432,some address,123456
Fuentes0598c7,Matthew,Fuentes,19660329,U,98765432,some address,123456
Carpenter4acee9,April,Carpenter,19710929,U,98765432,some address,123456
Garciad383b3,Rachel,Garcia,19961021,U,98765432,some address,123456
Maddend8100f,Patrick,Madden,19941101,U,98765432,some address,123456
Myers963657,Angela,Myers,19740126,U,98765432,some address,123456
Baker726e6d,Wayne,Baker,19671227,U,98765432,some address,123456
Coxc2d501,Haley,Cox,19641001,U,98765432,some address,123456
Sanders65a5dc,Dan,Sanders,19500813,U,98765432,some address,123456
Boyle7540af,Timothy,Boyle,19840608,U,98765432,some address,123456
Fishercd40a0,Thomas,Fisher,19850415,U,98765432,some address,123456
Lopezd2a7df,Taylor,Lopez,19570522,U,98765432,some address,123456
Ortizfed1fb,Cynthia,Ortiz,19590706,U,98765432,some address,123456
Macias76606d,Jeffrey,Macias,19900310,U,98765432,some address,123456
Drake1697ce,Brian,Drake,19621102,U,98765432,some address,123456
Austin69ddb3,Anna,Austin,19991122,U,98765432,some address,123456
Clarkb12918,Joel,Clark,19580712,U,98765432,some address,123456
Olson4c0a6b,Deborah,Olson,19570805,U,98765432,some address,123456
Love011951,Michael,Love,20020321,U,98765432,some address,123456
Jordan26d57f,Timothy,Jordan,19991228,U,98765432,some address,123456
Leblanc25e89e,Kathy,Leblanc,19810227,U,98765432,some address,123456
Floydee7c05,William,Floyd,19720713,U,98765432,some address,123456
Hayden44dbe5,Angela,Hayden,19960623,U,98765432,some address,123456
Hodgesc32058,Renee,Hodges,19871228,U,98765432,some address,123456
Millerb1a7bc,Samantha,Miller,19650406,U,98765432,some address,123456
Orozco32e5d9,Lauren,Orozco,20000126,U,98765432,some address,123456
Johnsbd3509,Destiny,Johns,19731201,U,98765432,some address,123456
Davisd9ba61,Jennifer,Davis,19931018,U,98765432,some address,123456
Owen1c1c8c,April,Owen,19670923,U,98765432,some address,123456
Russelleeae94,Evan,Russell,19590120,U,98765432,some address,123456
Cruza019e5,Jordan,Cruz,19580323,U,98765432,some address,123456
Castaneda1e9a55,Brent,Castaneda,19580307,U,98765432,some address,123456
Peters62c2df,Gregory,Peters,19900902,U,98765432,some address,123456
Malone820578,Jason,Malone,19550503,U,98765432,some address,123456
Salazar8a3911,Matthew,Salazar,19991211,U,98765432,some address,123456
Morrised007a,Martin,Morris,19930810,U,98765432,some address,123456
Martinezfa7cbb,Natasha,Martinez,19680418,U,98765432,some address,123456
Powell89e264,Charles,Powell,19970906,U,98765432,some address,123456
Powellc3379b,Brian,Powell,19591115,U,98765432,some address,123456
Sandoval6592db,Laura,Sandoval,19860913,U,98765432,some address,123456
Gonzalezbc4a42,Charles,Gonzalez,19710404,U,98765432,some address,123456
Caldwell92d768,Nicholas,Caldwell,19770714,U,98765432,some address,123456
Wyattac546c,Brian,Wyatt,19581211,U,98765432,some address,123456
Garciaa540e6,Ryan,Garcia,19930815,U,98765432,some address,123456
Andersona86c0e,Megan,Anderson,19700729,U,98765432,some address,123456
Hughes5403fe,Pamela,Hughes,19870613,U,98765432,some address,123456
Scottaf31db,Tiffany,Scott,19861110,U,98765432,some address,123456
Conwayb17c3c,Stanley,Conway,19850905,U,98765432,some address,123456
Petty89b4f6,Yolanda,Petty,19910125,U,98765432,some address,123456
Oneal1a34ff,Emily,Oneal,19580118,U,98765432,some address,123456
Jones7290cb,Tara,Jones,19850303,U,98765432,some address,123456
Cohen0fcc4a,Christine,Cohen,19940621,U,98765432,some address,123456
Gutierrez8e2f3e,Daniel,Gutierrez,19571103,U,98765432,some address,123456
Williamsc20d32,George,Williams,19810319,U,98765432,some address,123456
Allen8c0004,Lori,Allen,20020916,U,98765432,some address,123456
Kelly0c61de,Charles,Kelly,19690401,U,98765432,some address,123456
Villa19bdda,Jonathan,Villa,19751203,U,98765432,some address,123456
Jackson40b1bf,Cindy,Jackson,19670727,U,98765432,some address,123456
Williams10ae3a,Scott,Williams,19800308,U,98765432,some address,123456
Hernandez045444,Dylan,Hernandez,19950301,U,98765432,some address,123456
Garcia6967c8,Michelle,Garcia,19801017,U,98765432,some address,123456
Bailey255ab5,Matthew,Bailey,19870728,U,98765432,some address,123456
Edwardse7bbf9,Kristin,Edwards,19820603,U,98765432,some address,123456
Kirk079a30,Kristen,Kirk,19590823,U,98765432,some address,123456
Carrillod036e7,Ruth,Carrillo,19790905,U,98765432,some address,123456
Stephensondd8906,Jacob,Stephenson,19541111,U,98765432,some address,123456
Flynn066c3e,Curtis,Flynn,19780926,U,98765432,some address,123456
Perez7a5c3d,Thomas,Perez,19630220,U,98765432,some address,123456
Klinee724e4,Sheri,Kline,19940609,U,98765432,some address,123456
Baker4cd378,Jeff,Baker,19670424,U,98765432,some address,123456
Powelld1cfb3,William,Powell,19670721,U,98765432,some address,123456
Thomas2a3b97,Shannon,Thomas,19680903,U,98765432,some address,123456
Murray8d3f74,Jeffrey,Murray,19821221,U,98765432,some address,123456
Jackson5ae26d,Carla,Jackson,19940715,U,98765432,some address,123456
Wagner83f4e1,Kristin,Wagner,19970129,U,98765432,some address,123456
Rodriguez3b4140,Kathleen,Rodriguez,19671005,U,98765432,some address,123456
Sheaabeb33,Nicole,Shea,19560102,U,98765432,some address,123456
